Date,Portfolio Value,Benchmark Value
2020-07-09,1.017773497470739,1.0055926623835965
2020-07-10,1.0196187216911585,0.9999675909095777
2020-07-13,1.0335509210539415,1.003490947961383
2020-07-14,1.0130691780205945,0.9868365734514003
2020-07-15,1.0138710655884966,0.9912559425497656
2020-07-16,1.0397976073867772,0.9995696413635815
2020-07-17,1.057412890261941,1.014220922158425
2020-07-20,1.061383428303003,1.0217300925771657
2020-07-21,1.0607446191721137,1.0296692332747368
2020-07-22,1.0577666536462924,1.0260993187147989
2020-07-23,1.0736422876210523,1.0355201805018137
2020-07-24,1.0694285045068699,1.0288854409520003
2020-07-27,1.0676360884635596,1.022777303407108
2020-07-28,1.0986325850129552,1.0422384807916556
2020-07-29,1.0855454968432903,1.0471180261760467
2020-07-30,1.0792374361699355,1.0391778726920147
2020-07-31,1.0879222555675743,1.0436675811022478
2020-08-03,1.0695149527434773,1.0307691314507275
2020-08-04,1.0949887490824581,1.041738316124497
2020-08-05,1.116547676673797,1.0484500413914535
2020-08-06,1.122025841653074,1.0589929430620109
2020-08-07,1.1188270033875618,1.0650458034614818
2020-08-10,1.1481413640954892,1.0763283670355253
2020-08-11,1.1461693438217413,1.0759562799384859
2020-08-12,1.143916647586865,1.0780322626477967
2020-08-13,1.1545292813038777,1.085289216720464
2020-08-14,1.1522036182587923,1.0747685177893653
2020-08-17,1.17275432798003,1.0881649843226715
2020-08-18,1.1773388119897161,1.1025502686090694
2020-08-19,1.1789330666563989,1.1062950734295156
2020-08-20,1.1764756863837587,1.1030749659245749
2020-08-21,1.1762129124631253,1.1094367357836408
2020-08-24,1.167009287093667,1.1146720180705854
2020-08-25,1.161194735314247,1.1213927178306242
2020-08-26,1.1865612258366895,1.1263332480907795
2020-08-27,1.195542387451062,1.129162948067496
2020-08-28,1.1841345528034426,1.1384176988160355
2020-08-31,1.1453187778209206,1.1050307784091689
2020-09-01,1.1637536937295943,1.1175537218645775
2020-09-02,1.1808769429142179,1.1254766292178717
2020-09-03,1.175856071927551,1.1313570360318042
2020-09-04,1.1562766994348253,1.1103567197017872
2020-09-07,1.1411376993788138,1.1089824424638892
2020-09-08,1.1318213869112097,1.096870444930208
2020-09-09,1.152233738019038,1.095104338482768
2020-09-10,1.1646518832872654,1.1049462396921659
2020-09-11,1.1705775094583097,1.1085761006691084
2020-09-14,1.1669403882389364,1.1097710566464707
2020-09-15,1.1765622676669472,1.117806849739614
2020-09-16,1.2011927060389747,1.1251082358746605
2020-09-17,1.1871657666833795,1.1188704123183153
2020-09-18,1.2205852452802826,1.1258915504443723
2020-09-21,1.1706366637504482,1.0903054145662545
2020-09-22,1.1569944593365495,1.0818495246974589
2020-09-23,1.154282520441308,1.0746189218266848
2020-09-24,1.1129422896856769,1.04225563711295
2020-09-25,1.1433252516673562,1.070726048155829
2020-09-28,1.1696839895773377,1.0974716935663904
2020-09-29,1.1868386555819235,1.09242576762855
2020-09-30,1.1838864258052315,1.0942524631316786
2020-10-01,1.18203734954448,1.111710079393752
2020-10-05,1.1862107911843724,1.120467990638575
2020-10-07,1.1925084845948462,1.1220518133115336
2020-10-08,1.2021444627624491,1.129121218623096
2020-10-09,1.2019718597620954,1.1296997470387418
2020-10-12,1.2013703325676872,1.1311681757994323
2020-10-13,1.2145183225620035,1.1273521210096162
2020-10-14,1.2042797489086787,1.1280901396602592
2020-10-15,1.176728924709975,1.1061986318233947
2020-10-16,1.1894155502608748,1.1180134339413743
2020-10-19,1.2046324147056748,1.125477030733481
2020-10-20,1.2298742380797514,1.1288839975249219
2020-10-21,1.2150643449102354,1.1325745581090492
2020-10-22,1.208537953574822,1.1329868584038787
2020-10-23,1.2046429872083895,1.1383352178243065
2020-10-26,1.1765956816016436,1.1220432252642922
2020-10-27,1.19233766916094,1.1398081729849203
2020-10-28,1.1771852816648827,1.1282218124387844
2020-10-29,1.1981515387926585,1.1218308408025313
2020-10-30,1.2148372221724248,1.1224590010356397
2020-11-02,1.2051262558013716,1.130356105016064
2020-11-03,1.2124608163885684,1.1432176094989785
2020-11-04,1.224871301929181,1.152006106605252
2020-11-05,1.247745230799187,1.177102181051982
2020-11-06,1.2472523326378735,1.1808979439985179
2020-11-09,1.26403171807338,1.1961434488882294
2020-11-10,1.2319689452052713,1.2037445294042
2020-11-11,1.2676903775606865,1.2253518055239416
2020-11-12,1.2595352056848144,1.2220307475264194
2020-11-13,1.2837796145037594,1.2330703045349127
2020-11-17,1.298287882689909,1.2431524073435485
2020-11-18,1.2945436082336539,1.2533014181201694
2020-11-19,1.2741690624660384,1.2424989446978647
2020-11-20,1.2944582323810667,1.2566195663508095
2020-11-23,1.3273836698938097,1.270476418300273
2020-11-24,1.3257506364411795,1.2834553201375456
2020-11-25,1.3006791617894502,1.2681380938819178
2020-11-26,1.3297482685224034,1.2813658409975117
2020-11-27,1.3256051466881025,1.282559057129955
2020-12-01,1.373335704136876,1.2968200303708175
2020-12-02,1.399598046561179,1.3093618973086314
2020-12-03,1.4034332281403084,1.3193820897592916
2020-12-04,1.408578710799916,1.3345443319698937
2020-12-07,1.4169937385743585,1.3457126620600246
2020-12-08,1.412952447651064,1.3421968286842958
2020-12-09,1.4110438274339088,1.347850539171454
2020-12-10,1.40259644474272,1.3451680234892665
2020-12-11,1.3944117368776539,1.3501534163104145
2020-12-14,1.3961390930183466,1.3589768471703425
2020-12-15,1.4165660732188803,1.362164981588739
2020-12-16,1.4228609264734318,1.371528356711256
2020-12-17,1.4196257304198638,1.3690486943600169
2020-12-18,1.4183098486387011,1.3704537626290538
2020-12-21,1.3729700393683342,1.3184174487731402
2020-12-22,1.4321637475609215,1.3394058979687962
2020-12-23,1.445884531031017,1.356409423406862
2020-12-24,1.4479217958490018,1.3667723158958878
2020-12-28,1.4723436258522982,1.3809939117660655
2020-12-29,1.4764532010658828,1.3819261247356969
2020-12-30,1.4860935398881725,1.3893360543940656
2020-12-31,1.4848406949026016,1.3905573348165676
2021-01-01,1.4970086787038757,1.3989196280918423
2021-01-04,1.5254175042134317,1.4166183460539656
2021-01-06,1.5430648352195504,1.4209918771738603
2021-01-07,1.6063098146905126,1.429008957866921
2021-01-08,1.6023044837104272,1.45300655622508
2021-01-11,1.5728004319787259,1.461776480434591
2021-01-12,1.577025612729439,1.4643566585399073
2021-01-13,1.5662067921318412,1.4700125969669273
2021-01-14,1.5631972282627165,1.4692396704660837
2021-01-15,1.552262728254462,1.4511148933513782
2021-01-18,1.5024131356628,1.4263594690678412
2021-01-19,1.557782837664164,1.4508684530169818
2021-01-20,1.5774872741124473,1.4638981483241766
2021-01-21,1.5549661065487113,1.4482594681917043
2021-01-22,1.5116982520918123,1.4298681089183924
2021-01-25,1.5104112078726848,1.4253169450797747
2021-01-27,1.4762448748299442,1.4058959010702416
2021-01-28,1.45524631531271,1.3961762116068595
2021-01-29,1.4826596796409548,1.3786361970287082
2021-02-01,1.562817445192627,1.433499294404739
2021-02-02,1.6068415923275867,1.463509309084209
2021-02-03,1.6400611693351297,1.4870300306605935
2021-02-04,1.671396072400439,1.4996824861309754
2021-02-05,1.6956078815173972,1.504039000723642
2021-02-08,1.7249521543303132,1.5273828725033405
2021-02-09,1.7148851658437039,1.5256691309482997
2021-02-10,1.7308010644585086,1.5292482106636953
2021-02-11,1.7477719132287795,1.5348238382620196
2021-02-12,1.7708096331089191,1.5297126151640426
2021-02-15,1.8260654635091973,1.5438181945692644
2021-02-16,1.845155543671053,1.5537027843242186
2021-02-17,1.8328041144734315,1.5523250040637382
2021-02-18,1.821429421762899,1.5548753406827984
2021-02-19,1.7812815594376885,1.5320393787225515
2021-02-22,1.782445890950998,1.5093148308255728
2021-02-23,1.793958267329654,1.5199026296743148
2021-02-24,1.8150614510186653,1.5368927068087652
2021-02-25,1.8353978006210436,1.5594982061860891
2021-02-26,1.751616237475966,1.505559645785863
2021-03-01,1.7933445934515642,1.535098596612216
2021-03-02,1.812499559353469,1.5611765112925837
2021-03-03,1.8801518541169175,1.5839780912390973
2021-03-04,1.861597314947017,1.5757035200136384
2021-03-05,1.834185041596461,1.5559479032536434
2021-03-08,1.8199978971983448,1.5585798525909629
2021-03-09,1.8226518006628734,1.563174934875533
2021-03-10,1.847912955665187,1.5748170977488225
2021-03-12,1.8421825721147154,1.560088326359881
2021-03-15,1.8268704806030118,1.554998705638783
2021-03-16,1.8328540651716743,1.558489748611941
2021-03-17,1.7996009023534,1.5298679839679972
2021-03-18,1.793285547374252,1.5179806071386022
2021-03-19,1.8344773651188406,1.534523133519893
2021-03-22,1.876940487103016,1.5428312628647765
2021-03-23,1.9052367600960936,1.5507428720519159
2021-03-24,1.8584029933328845,1.5234226611230248
2021-03-25,1.8308309712178708,1.4940161923327078
2021-03-26,1.8767714801552589,1.5154814620787944
2021-03-30,1.910100603316107,1.5454621341628707
2021-03-31,1.9067950910600484,1.5390037087112656
2021-04-01,1.992756868496105,1.5661242694846955
2021-04-05,1.9600310012623896,1.5475356980863115
2021-04-06,1.9975347075711771,1.5601162625565008
2021-04-07,2.008533876824968,1.576009916879351
2021-04-09,2.019048975793119,1.5757774594981713
2021-04-12,1.8811245259118032,1.5127168778019584
2021-04-13,1.9200084907256065,1.5371626999381203
2021-04-15,1.931070496099783,1.5425318047090872
2021-04-16,1.956796010760808,1.5560612261898397
2021-04-19,1.911636731592377,1.5257328797066378
2021-04-20,1.9048698110456357,1.529636496822979
2021-04-22,1.9301687175616582,1.5347412645858112
2021-04-23,1.9069143133249724,1.5318832791445554
2021-04-26,1.936152575661346,1.5468465629650148
2021-04-27,1.9832008696421595,1.560380759728814
2021-04-28,1.9767601449370324,1.5775138795126804
2021-04-29,2.027379817131583,1.5838040043043977
2021-04-30,2.0122713854345227,1.5702053287491002
2021-05-03,2.076024909623291,1.5776733945973558
2021-05-04,2.0699306167930325,1.5681489571461127
2021-05-05,2.0630381122155996,1.5827178354559808
2021-05-06,2.1067973889746874,1.595808895256772
2021-05-07,2.158815114469918,1.6031381875507178
2021-05-10,2.1852500503579395,1.6230668546511284
2021-05-11,2.1577943096420027,1.6232913150527313
2021-05-12,2.104308604764521,1.6061920204444005
2021-05-14,2.04190427434421,1.5958562335600244
2021-05-17,2.099472798286975,1.6184204930861275
2021-05-18,2.1349346773059423,1.64378180949586
2021-05-19,2.1162522547326734,1.6407068677998569
2021-05-20,2.084765231788925,1.6278423094878987
2021-05-21,2.097035967198487,1.6479962401450687
2021-05-24,2.082008082090773,1.646706676895402
2021-05-25,2.08807636439244,1.6510285009051966
2021-05-26,2.086505778102492,1.6553300046207218
2021-05-27,2.091047687018546,1.661920464491319
2021-05-28,2.118693814112709,1.6627260519784646
2021-05-31,2.141274722225748,1.6754270986332085
2021-06-01,2.172588456582991,1.6781047593860376
2021-06-02,2.2309152394290095,1.6881144185290837
2021-06-03,2.2596277096563346,1.7018847153882053
2021-06-04,2.3115334770615186,1.7061456528209336
2021-06-07,2.3112670927170105,1.7173140377063827
2021-06-08,2.299259452798431,1.7197155090103222
2021-06-09,2.261027869215709,1.7082036500159248
2021-06-10,2.2707885492433366,1.7218633154716783
2021-06-11,2.2890027468953327,1.7294349430439389
2021-06-14,2.2228806867968443,1.7244851994051347
2021-06-15,2.2238890466516628,1.7264104709548203
2021-06-16,2.1336243676523265,1.7115746301857533
2021-06-17,2.052753603082322,1.6953071511098705
2021-06-18,2.112330635995786,1.6936563269240406
2021-06-21,2.1513215064815085,1.7040351139949244
2021-06-22,2.1600542858648817,1.7097077133939642
2021-06-23,2.130770827564303,1.7077163490438223
2021-06-24,2.1393510564542892,1.7154334939119535
2021-06-25,2.1606708923615625,1.7281129986865718
2021-06-28,2.179887032613325,1.7280750406697354
2021-06-29,2.1559972507584173,1.7206483433912965
2021-06-30,2.1419444545777453,1.7164765581298047
2021-07-01,2.143743268752563,1.7202321859813103
2021-07-02,2.1159453835716224,1.7206704311059955
2021-07-05,2.127732294644156,1.729279438807207
2021-07-06,2.1333833926767016,1.729259810194746
2021-07-07,2.1602409134150147,1.7368831202057777
2021-07-08,2.124514752818662,1.7235252380417123
2021-07-12,2.135162510090842,1.7270596447548185
2021-07-13,2.1496839769593636,1.7351205155863494
2021-07-14,2.158417191926573,1.7397416306866904
2021-07-15,2.145198521897966,1.7452015918949189
2021-07-16,2.142358597087566,1.7441637677470987
2021-07-19,2.143385002212374,1.730591297867385
2021-07-20,2.0998185000446683,1.714466047434428
2021-07-22,2.1722039477253094,1.7395205852879663
2021-07-23,2.164519840921307,1.7411759430480416
2021-07-26,2.161188933371321,1.7464457998223426
2021-07-27,2.191570130399393,1.7368219186330538
2021-07-28,2.2261311378184563,1.7356151568551696
2021-07-29,2.281751630851498,1.744711583900636
2021-07-30,2.2510496913489284,1.7475962271596426
2021-08-02,2.2669933859718685,1.7629595055093892
2021-08-03,2.2620004128367253,1.7832604636066545
2021-08-04,2.2581027315331004,1.7802153869762196
2021-08-05,2.258988451677159,1.783671770500179
2021-08-06,2.2424426981403682,1.7845939844775074
2021-08-09,2.222770314032343,1.7803055761358042
2021-08-10,2.191653262049106,1.7735622863890235
2021-08-11,2.2132162897540897,1.7788557851614346
2021-08-12,2.217251109703767,1.7893008333005915
2021-08-13,2.224478497592983,1.7961067251080296
2021-08-16,2.238499006778215,1.7960976894307141
2021-08-17,2.2309805241938108,1.8067136430871407
2021-08-18,2.225804236703459,1.8056849570358615
2021-08-20,2.1335186015362164,1.7848843345141074
2021-08-23,2.134994297905236,1.779232338461187
2021-08-24,2.176633924615134,1.7988016579694381
2021-08-25,2.179207799588543,1.8001664413251695
2021-08-26,2.1761119531025064,1.7965820327837465
2021-08-27,2.1972635008292203,1.8100942235938853
2021-08-30,2.2488424238802116,1.8387231605101144
2021-08-31,2.269539196161027,1.8658666480523216
2021-09-01,2.2563374286050903,1.8614834365315982
2021-09-02,2.2697082606685304,1.8782598751236823
2021-09-03,2.2992312388552723,1.891750358347897
2021-09-06,2.293175445512285,1.8946386314146368
2021-09-07,2.2788993134372926,1.886395928688321
2021-09-08,2.3062903080695967,1.8901979313305297
2021-09-09,2.308955579385041,1.8914601787325271
2021-09-13,2.3097280518829786,1.895528262586265
2021-09-14,2.321699231107164,1.905004498233073
2021-09-15,2.3475859167827586,1.9246846926292052
2021-09-16,2.349914327108585,1.9344638703372656
2021-09-17,2.3118272204997736,1.9252484770146268
2021-09-20,2.207410536039592,1.8942660569948129
2021-09-21,2.257322299673905,1.914101394243598
2021-09-22,2.270338757839815,1.9197134456233957
2021-09-23,2.2991385010100363,1.9449219643006586
2021-09-24,2.248346132882931,1.9374194616641414
2021-09-27,2.2504752504193495,1.9412906898981113
2021-09-28,2.2797176342872056,1.9368314619012321
2021-09-29,2.3002360365119454,1.9463141779810924
2021-09-30,2.285562639719725,1.9339444242892072
2021-10-01,2.296984997056298,1.93273143501644
2021-10-04,2.3327067475716405,1.9518505808294435
2021-10-05,2.3322265058687965,1.9628664161510825
2021-10-06,2.2806127514695755,1.932507372176998
2021-10-07,2.3264506579507547,1.957352545936583
2021-10-08,2.321310463442225,1.9582272203685873
2021-10-12,2.311369755573457,1.9651975155214787
2021-10-13,2.326860446602911,1.982189064545681
2021-10-14,2.330542994191478,1.998723803811962
2021-10-18,2.34527677888481,2.011810368275617
2021-10-19,2.3396233234042203,1.9898846549119324
2021-10-20,2.334020997578082,1.9718854798868952
2021-10-21,2.313891601041795,1.9614631743709916
2021-10-22,2.3136823798532964,1.9447914809142615
2021-10-25,2.30887564606091,1.9369820224363619
2021-10-26,2.3442524267967264,1.9587973681321365
2021-10-27,2.339991154583504,1.9543250817978637
2021-10-28,2.272301071151932,1.9129829573013561
2021-10-29,2.2478399623416605,1.9008453087556343
2021-11-01,2.3136481447219457,1.934419130185146
2021-11-02,2.310849399325145,1.934224142210178
2021-11-03,2.296300946948597,1.935852211692028
2021-11-04,2.3052592914210233,1.9478639825073407
2021-11-08,2.354322625748957,1.9658353160130446
2021-11-09,2.3547631346249345,1.9724522506082143
2021-11-10,2.3682263417909053,1.9667336249168013
2021-11-11,2.3425700664997047,1.9566948248409086
2021-11-12,2.3818856339887806,1.9792682025226893
2021-11-15,2.38538980457549,1.9848779824957037
2021-11-16,2.3805312321135275,1.977650784640473
2021-11-17,2.369552395296228,1.9771831556385262
2021-11-18,2.3243490556018576,1.9522785740882906
2021-11-22,2.3070430490398297,1.91859798666153
2021-11-23,2.324068077273764,1.9351808383289986
2021-11-24,2.3393233672228604,1.931150476511225
2021-11-25,2.361229768598465,1.938047861649983
2021-11-26,2.283930675755023,1.876819976961166
2021-11-29,2.293614436922461,1.8727829396884565
2021-11-30,2.2941452169609233,1.8677380036803979
2021-12-01,2.3089044083145605,1.8855739160856066
2021-12-02,2.3497258204418316,1.9101478813714405
2021-12-03,2.3276617988180432,1.889469218070546
2021-12-06,2.271452612709264,1.8548209192294636
2021-12-07,2.303667848131293,1.8835342175535013
2021-12-08,2.34416989561175,1.9144214828334705
2021-12-09,2.3344005450753764,1.9180110596998956
2021-12-10,2.3212446886374116,1.9176402049681105
2021-12-13,2.3225038139021574,1.9074048848637983
2021-12-14,2.3213819643898064,1.9039027189079833
2021-12-15,2.295996965260805,1.8947993447370985
2021-12-16,2.3119177253410816,1.8921690440355863
2021-12-17,2.2694020104590926,1.8585247904684385
2021-12-20,2.221501120982775,1.8162012470484614
2021-12-21,2.270765838102343,1.837501787421899
2021-12-22,2.3019198550192077,1.8577624829730317
2021-12-23,2.3247948354752674,1.8723221358257582
2021-12-24,2.3402714711733585,1.861244551593111
2021-12-27,2.3552349002871322,1.8714617013716395
2021-12-28,2.387191508658644,1.887260333234402
2021-12-29,2.3852514006581265,1.8905324761186069
2021-12-30,2.412273437918704,1.8905068368863933
2021-12-31,2.4370344352192808,1.9109922278794103
2022-01-03,2.445925283973753,1.934530320024112
2022-01-04,2.4820487268708,1.948456687195762
2022-01-05,2.4681691832048602,1.959802017319127
2022-01-06,2.45811761047543,1.9466479513063644
2022-01-07,2.475730640040761,1.9548305246812683
2022-01-10,2.498916523952708,1.9705860129962576
2022-01-12,2.4983612962086164,1.9867617031987335
2022-01-13,2.5062635346673865,1.995088164483744
2022-01-14,2.5119661406452574,1.993061848990054
2022-01-17,2.4994495652899724,2.0021932130167186
2022-01-18,2.441038388564103,1.9687594087730804
2022-01-19,2.4256499222946286,1.9564315406079442
2022-01-20,2.467599273045457,1.9494643603975588
2022-01-21,2.438473845360994,1.928081436632436
2022-01-24,2.357570669100304,1.8671019085568685
2022-01-25,2.371997284816263,1.8929140357653178
2022-01-27,2.306214807775337,1.8734564339176165
2022-01-28,2.2993764371173313,1.87653557654437
2022-01-31,2.341126630104893,1.898352989133937
2022-02-01,2.3715009223591745,1.928776263251912
2022-02-02,2.3937021911411507,1.9512545711796385
2022-02-03,2.3657791250289337,1.933590851598539
2022-02-04,2.3639987155744833,1.9257202255771115
2022-02-07,2.33236066253791,1.898543643972614
2022-02-08,2.312715635242272,1.9012951126528455
2022-02-09,2.3606174292395607,1.9260767555884963
2022-02-10,2.374903517225599,1.9399505439845237
2022-02-11,2.328978354109065,1.9143168293852901
2022-02-14,2.252989938205243,1.85444889092339
2022-02-15,2.325496074724261,1.906604139795507
2022-02-16,2.306353827724926,1.9063634014058395
2022-02-17,2.2969419596538305,1.9086854512451443
2022-02-18,2.2820213324160465,1.90164929253241
2022-02-21,2.2668337204453723,1.8849629720647554
2022-02-22,2.2737278811416286,1.8749908656624177
2022-02-23,2.2788640085931755,1.8752093657218891
2022-02-24,2.1525150041275936,1.7829409555838047
2022-02-25,2.2441292153068813,1.8377393292422595
2022-02-28,2.308963396306408,1.8591928951083567
2022-03-02,2.2952614227664596,1.8511910452270415
2022-03-03,2.31629415112057,1.8413833655192282
2022-03-04,2.288108874271573,1.809430488909564
2022-03-07,2.2287923652627026,1.7780452698087097
2022-03-08,2.2636029758708927,1.7944049380915985
2022-03-09,2.2839134188168986,1.8248681672660436
2022-03-10,2.3154259075967896,1.8514279846436597
2022-03-11,2.3306192161097625,1.8579749592555832
2022-03-14,2.357533042247403,1.8710005934516873
2022-03-15,2.3161203286495198,1.8493931351839745
2022-03-16,2.3604612705839743,1.8819898634333931
2022-03-17,2.38127932704994,1.918989527248096
2022-03-21,2.3442506374580545,1.8979416823870643
2022-03-22,2.3749692864930463,1.9129844218460192
2022-03-23,2.3670647068347233,1.908034669434798
2022-03-24,2.3751302452188816,1.912229598218804
2022-03-25,2.3722763897204664,1.9049327345576692
2022-03-28,2.3922728771826347,1.913421979969276
2022-03-29,2.38997968853652,1.9199545706021108
2022-03-30,2.4249007368509123,1.93311864229779
2022-03-31,2.4192207834740502,1.932109038553056
2022-04-01,2.4435442216452565,1.9555676530188677
2022-04-04,2.470916535689206,1.9839580572353337
2022-04-05,2.4933961088887537,1.99010048805875
2022-04-06,2.4910606195892666,1.987959755771193
2022-04-07,2.476387142436583,1.977889739318664
2022-04-08,2.5007593136726904,2.0000228340464106
2022-04-11,2.5089850694109517,1.9971027184655448
2022-04-12,2.5047281803711567,1.9755240205038291
2022-04-18,2.5659972411777128,1.967772125099685
2022-04-19,2.5397975037160205,1.9403109411970891
2022-04-20,2.5486612349289075,1.9570916548270019
2022-04-21,2.600382128168174,1.983076479392773
2022-04-22,2.577108857669214,1.959391676082003
2022-04-25,2.5071458630730654,1.9258641419726115
2022-04-26,2.5591313778339604,1.9613743905616907
2022-04-27,2.5201851640362967,1.938261857365233
2022-04-28,2.557645063827969,1.9595105550915932
2022-04-29,2.496691195334818,1.9393121802850797
2022-05-02,2.5216499029675385,1.9312689352715777
2022-05-04,2.4848173579375885,1.8835425950666695
2022-05-05,2.4927618820123882,1.880324927375549
2022-05-06,2.491531554242113,1.856040971703396
2022-05-09,2.4561664966671315,1.8393469165453071
2022-05-10,2.3789659103763587,1.8187019400933329
2022-05-11,2.3559056118116923,1.811933517477664
2022-05-12,2.312734351497951,1.7709229019268296
2022-05-13,2.3170051025468674,1.7722299185543235
2022-05-16,2.3591960147844775,1.7847769627490728
2022-05-17,2.4513135881135777,1.83357767297845
2022-05-18,2.451240293137926,1.834676513350871
2022-05-19,2.42766700598671,1.7850571550158203
2022-05-20,2.493267313229275,1.8358291468245234
2022-05-23,2.4623604072891583,1.826164744192293
2022-05-24,2.4381030735360962,1.8162211158901345
2022-05-25,2.425527322275562,1.7973712173702823
2022-05-26,2.4307940364256773,1.8154718494815314
2022-05-27,2.4385264985270316,1.83440474334447
2022-05-30,2.4735794316436333,1.8720323465963191
2022-05-31,2.5175329902630916,1.8813645568468425
2022-06-01,2.5510464059536475,1.8717692004560043
2022-06-02,2.580210447628671,1.8767568776104073
2022-06-03,2.550555517840627,1.8598943555317748
2022-06-06,2.560160654073378,1.8594088728052756
2022-06-07,2.5779661856886,1.8444465422413132
2022-06-08,2.553573863990705,1.8428767394815968
2022-06-09,2.566234060101336,1.8528451350224284
2022-06-10,2.56327290578101,1.8391838596464765
2022-06-13,2.4606492944854197,1.7922117341313073
2022-06-14,2.513201704583363,1.7940720856753305
2022-06-15,2.4876965233293618,1.79485565333949
2022-06-16,2.399364984369143,1.748901708202354
2022-06-17,2.4107922551269367,1.730996818585465
2022-06-20,2.366780984332048,1.7280222984375428
2022-06-21,2.4328786864829475,1.7647132303186277
2022-06-22,2.376600198918774,1.7359321716220155
2022-06-23,2.374178740044203,1.7601125355791114
2022-06-24,2.3988538891546645,1.7797837035116935
2022-06-27,2.4458031957888497,1.7953260778641948
2022-06-28,2.459108919119614,1.799341417863426
2022-06-29,2.4831970991503107,1.791099898379834
2022-06-30,2.4672022299258556,1.7801682209688805
2022-07-01,2.4729985472923577,1.7873089636004993
2022-07-04,2.491883834044175,1.7945710831286272
2022-07-05,2.4780255649783776,1.794132891743244
2022-07-06,2.4832731961438297,1.8140962722829541
2022-07-07,2.5172920077155556,1.8346451408215059
2022-07-08,2.543892515362924,1.8433410130518122
2022-07-11,2.575788578354571,1.8503806785921784
2022-07-12,2.57428428888621,1.8355863950023141
2022-07-13,2.580730116940716,1.8359985644187846
2022-07-15,2.627444885308008,1.8479693120969531
2022-07-18,2.62722273177382,1.8764501512431002
2022-07-19,2.643276914766579,1.8827222552670204
2022-07-20,2.6472859642669397,1.8965890208930385
2022-07-21,2.6648347850488907,1.9163278924760165
2022-07-22,2.6920280785109836,1.9254216713156798
2022-07-25,2.652362268004685,1.9157593033883107
2022-07-26,2.6213278334017116,1.8945300193642478
2022-07-27,2.6415146724016183,1.9154707192078122
2022-07-28,2.6522953491398638,1.9431314681806877
2022-07-29,2.676138555511951,1.9711673420161535
2022-08-01,2.71212619801326,1.9938620815479051
2022-08-02,2.7251016934977588,2.0071772228723734
2022-08-03,2.728748800192549,2.0071137855720997
2022-08-04,2.7373133171347392,2.012870912156247
2022-08-05,2.7152389790389786,2.0096619996956835
2022-08-08,2.7365731060708876,2.023075192400503
2022-08-10,2.742011743916604,2.0275836558645786
2022-08-11,2.7322034171520357,2.0366308444111323
2022-08-12,2.7343560038648214,2.045490251964093
2022-08-16,2.7935691341221704,2.0663544968852703
2022-08-17,2.8286536327858545,2.0818840808503736
2022-08-18,2.829179164316129,2.086548137758787
2022-08-19,2.791431011639514,2.06028395884681
2022-08-22,2.7669932854949875,2.0267989246209437
2022-08-23,2.8046619642034254,2.0467010053375976
2022-08-24,2.7966930468105136,2.050832432493976
2022-08-25,2.790404430084871,2.043711075002711
2022-08-26,2.7825761220915948,2.057004077839497
2022-08-29,2.7751169422347632,2.034414994895014
2022-08-30,2.8328105562543096,2.077383262818634
2022-09-01,2.8343555138232253,2.0669700818714585
2022-09-02,2.83702045798393,2.062593516076216
2022-09-05,2.8481712967785375,2.074148501871655
2022-09-06,2.839659815919176,2.0789176502851046
2022-09-07,2.8219164408805337,2.081832377606982
2022-09-08,2.8528723804854446,2.0952925260474218
2022-09-09,2.85168454409996,2.0989878414747736
2022-09-12,2.863418542746158,2.113067966015206
2022-09-13,2.8717701446361055,2.129731002799164
2022-09-14,2.868758001933158,2.1245777456123482
2022-09-15,2.8644411832350687,2.114976904757407
2022-09-16,2.7985233876308087,2.0754945268485123
2022-09-19,2.8448682655831514,2.0849404584456037
2022-09-20,2.886159757809765,2.1135367289550544
2022-09-21,2.901725147971088,2.0947384404939724
2022-09-22,2.936241234726389,2.092832621683007
2022-09-23,2.906533975282283,2.0548030943543227
2022-09-26,2.826498024736374,2.011258839530714
2022-09-27,2.8255802840190274,2.0102224611467405
2022-09-28,2.815827066577031,1.9997901583958706
2022-09-29,2.824156428146145,2.003596959735242
2022-09-30,2.836554430624186,2.0295300273475636
2022-10-03,2.762697473001195,2.0026255884508872
2022-10-04,2.826319255313799,2.047225578732367
2022-10-06,2.821273445040621,2.0589915821015237
2022-10-07,2.7960587972572886,2.0601674981036533
2022-10-10,2.7824229873705812,2.0508711605551926
2022-10-11,2.7377199532836007,2.017062013275975
2022-10-12,2.7694788370486587,2.0349146304437484
2022-10-13,2.7631462465454417,2.020417710984317
2022-10-14,2.7617120475587504,2.026357860021018
2022-10-18,2.8136809359443484,2.052639200794228
2022-10-19,2.8005275143315176,2.048241066623556
2022-10-20,2.8065251673738847,2.057794429048069
2022-10-21,2.7579631082518272,2.057910900351529
2022-10-24,2.777405646735464,2.072497962763334
2022-10-25,2.7769438848161707,2.075128902615307
2022-10-27,2.803692839783001,2.092320004036986
2022-10-28,2.787675293808075,2.0933360431425374
2022-10-31,2.813500519737298,2.1150209564392495
2022-11-01,2.8770001570663606,2.1353822002476877
2022-11-02,2.863850123756236,2.124615142757323
2022-11-03,2.8818212989345247,2.1228238817556284
2022-11-04,2.9239940139025595,2.1317762019933393
2022-11-07,2.9545071132224145,2.142808391022002
2022-11-09,2.958763212779778,2.1353561413613313
2022-11-10,2.9205147030270653,2.116092453639543
2022-11-11,2.933312294345332,2.139925597676301
2022-11-14,2.9378919071656284,2.1380290303082177
2022-11-15,2.940303162944801,2.1473458587098446
2022-11-16,2.932971341773252,2.1403887932653918
2022-11-17,2.9438199702128776,2.1346219989463373
2022-11-18,2.909754535520534,2.1221939256948548
2022-11-21,2.894828872043015,2.1092564935346676
2022-11-22,2.9290322585564055,2.1222737196906105
2022-11-23,2.9143512600955823,2.1236404445477772
2022-11-24,2.919997346502908,2.1461495462535125
2022-11-25,2.9349514561206353,2.150936399647381
2022-11-28,2.92929853405353,2.1524524612905966
2022-11-29,2.906870576720752,2.1584261305779378
2022-11-30,2.9145955804147072,2.181712029859549
2022-12-01,2.9223213621642325,2.1876411792925596
2022-12-02,2.9447287966595854,2.1799417209800223
2022-12-05,2.9724745568353326,2.184868377623163
2022-12-06,2.976729546401741,2.1785055415218335
2022-12-07,2.9514487181318985,2.1657584480874443
2022-12-08,2.9693447277815506,2.1686623362139152
2022-12-09,2.9657063178027436,2.1590125328497445
2022-12-12,2.9780240682653503,2.1593834893860038
2022-12-13,2.9981558556456434,2.1700937270302454
2022-12-14,3.013266763166103,2.18060878527827
2022-12-15,2.9705715723481934,2.157063285899417
2022-12-16,2.9152406139608606,2.130531499490683
2022-12-19,2.942113975262784,2.1523770502759363
2022-12-20,2.957151666795657,2.1456842792977584
2022-12-21,2.8799286832317077,2.1276146111709457
2022-12-22,2.8601191254273055,2.114800713336629
2022-12-23,2.769726359370072,2.0671047520966104
2022-12-26,2.840796468113704,2.095458065685611
2022-12-27,2.862455264541057,2.113952326795304
2022-12-28,2.8788522281945395,2.1157992471087517
2022-12-29,2.880030701900632,2.1212227822250878
2022-12-30,2.8871258901089845,2.117150644584769
2023-01-02,2.8913836755258338,2.1252272298167263
2023-01-03,2.8908699056594123,2.129781064494192
2023-01-04,2.845807992577015,2.105175189289519
2023-01-05,2.8550745081822964,2.109106209912959
2023-01-06,2.8164299667060386,2.0905284419941377
2023-01-09,2.843989792199743,2.114787857443518
2023-01-10,2.80964457005458,2.0988257804539274
2023-01-11,2.793225312140585,2.091057080163685
2023-01-12,2.792449097787713,2.091154905826312
2023-01-13,2.825977558222669,2.101120045222393
2023-01-17,2.829920210486235,2.1111644418698288
2023-01-18,2.878534768327205,2.123047232078721
2023-01-19,2.8863141518594237,2.116109428830214
2023-01-20,2.859607595054299,2.1018552398673687
2023-01-23,2.8585151911093303,2.1086419226635043
2023-01-24,2.816158249912215,2.104281831887045
2023-01-25,2.816229728438744,2.0808223866384936
2023-01-27,2.770930092342908,2.046964191337411
2023-01-30,2.727885455820891,2.0469351264454168
2023-01-31,2.7389995920190664,2.05912449870285
2023-02-01,2.747765742825229,2.027482626189524
2023-02-02,2.7378321473391045,2.0103916676637326
2023-02-03,2.7484090574013877,2.037154465494957
2023-02-06,2.701815677415583,2.0347212975823834
2023-02-07,2.657184788999339,2.0354385504087507
2023-02-08,2.6718686429635707,2.0669822219067697
2023-02-09,2.6808367672312436,2.0679914266293475
2023-02-10,2.653279187968135,2.060634296625989
2023-02-13,2.645952263760624,2.04695842444457
2023-02-14,2.669692470676348,2.0525968515477606
2023-02-15,2.6712954204299453,2.068245814211053
2023-02-16,2.7092820551786883,2.079492048364459
2023-02-17,2.700605732624435,2.067225118903089
2023-02-20,2.6921305038163243,2.0603121920705596
2023-02-21,2.6858109540373034,2.053638415863352
2023-02-22,2.65049214092112,2.0220703174883465
2023-02-23,2.6747546781863694,2.0199730827677196
2023-02-24,2.6452689782237324,2.0137956067066853
2023-02-27,2.622489622364446,1.9986547709394398
2023-02-28,2.568458435607694,1.9942324830710645
2023-03-01,2.6233555910427784,2.0205614060868453
2023-03-02,2.6005408088861226,2.0113039055576025
2023-03-03,2.6305948556097465,2.0394379355790577
2023-03-06,2.6324202877979093,2.052558739337082
2023-03-08,2.630035095329591,2.0617520641907556
2023-03-09,2.6412921607329025,2.0464353854568733
2023-03-10,2.624679270676457,2.034792683452842
2023-03-13,2.5989839902518397,2.0066810267257913
2023-03-14,2.5868588556551,1.9906655387457552
2023-03-15,2.6000849431924222,1.9915394295144835
2023-03-16,2.545421518939763,1.994964651422046
2023-03-17,2.5885464838042993,2.0093654837788737
2023-03-20,2.5530651393679222,1.9913609390769016
2023-03-21,2.5646485561099746,1.9995046610563738
2023-03-22,2.564174242707188,2.0044331804894093
2023-03-23,2.5805780485683507,2.001038004486203
2023-03-24,2.528718042760039,1.980682496566034
2023-03-27,2.531467471327499,1.9812660497994825
2023-03-28,2.526346950246298,1.9683750930218917
2023-03-29,2.567687971904784,1.9973988879414561
2023-03-31,2.602751713878808,2.020592911871888
2023-04-03,2.60535900221594,2.03008330472013
2023-04-05,2.608392137926056,2.040484787947827
2023-04-06,2.5924705668781245,2.045615162868173
2023-04-10,2.627540388638085,2.0570136209348697
2023-04-11,2.6775517295640903,2.069043460597708
2023-04-12,2.675292629296325,2.0778594867562856
2023-04-13,2.6943154108976466,2.0809102486488027
2023-04-17,2.7063396436049505,2.0807251741539288
2023-04-18,2.709902470818886,2.080371598815217
2023-04-19,2.7228741902844655,2.072625531239561
2023-04-20,2.707277516876922,2.074651342580843
2023-04-24,2.705004073794306,2.0895003965461876
2023-04-25,2.7134384110513587,2.096173645809336
2023-04-26,2.7088684863754624,2.1016791825284526
2023-04-27,2.7355446172458673,2.1134232344816235
2023-04-28,2.7427900686428903,2.1338337248876633
2023-05-02,2.7856663010465375,2.1475492134009797
2023-05-03,2.766215037015591,2.138808110704258
2023-05-04,2.771272143982484,2.1555779652835145
2023-05-05,2.776781017147526,2.148855648289015
2023-05-08,2.805145890596446,2.169909537685846
2023-05-09,2.801041267622166,2.167948436861167
2023-05-10,2.807726720414238,2.1753040542978574
2023-05-11,2.7738379582488872,2.177602540825474
2023-05-12,2.765152969544524,2.1742046973326854
2023-05-15,2.7941337711874197,2.1837326427877475
2023-05-16,2.7894584534113633,2.1765678663495693
2023-05-17,2.788508836031019,2.1678978982933566
2023-05-18,2.761118031127294,2.157132162744782
2023-05-19,2.749169590011291,2.1642882510019907
2023-05-22,2.7722176348986114,2.1874921805324288
2023-05-23,2.7759722838141307,2.194311887468174
2023-05-24,2.7936173993221765,2.195932380904252
2023-05-25,2.8231770670160192,2.2059868505852505
2023-05-26,2.8242049695012748,2.2238797472346654
2023-05-29,2.821131851115828,2.2367287066220167
2023-05-30,2.8339284253978567,2.236886240094861
2023-05-31,2.8097614452594546,2.235655202621179
2023-06-01,2.8143866932419495,2.2343640362639845
2023-06-02,2.8458553487754803,2.250563527101077
2023-06-05,2.8496643533526216,2.2564055133223073
2023-06-06,2.853368373382143,2.2621368456070496
2023-06-07,2.866811241670716,2.28193597018024
2023-06-08,2.8681424788070404,2.269762264731295
2023-06-09,2.8544253398623383,2.2642808214906873
2023-06-12,2.858585530542138,2.272431335034642
2023-06-13,2.9057943618640105,2.2872775983903395
2023-06-14,2.918125836127152,2.292335477331249
2023-06-15,2.92509976680711,2.2912501212015792
2023-06-16,2.9430826232839356,2.3061607165113527
2023-06-19,2.9347670776974515,2.2998590845668656
2023-06-20,2.9464547695007246,2.3129931215922332
2023-06-21,2.9431788472896256,2.3182609619668106
2023-06-22,2.9366731718275645,2.3041390697016766
2023-06-23,2.9428451543486336,2.2866642198249942
2023-06-26,2.957517891817627,2.2994731723323376
2023-06-27,2.9562147063263806,2.310531528948922
2023-06-28,2.995710152259,2.3292068507101105
2023-06-30,3.024738409865941,2.3552045021656545
2023-07-03,3.028216781344543,2.360574608482734
2023-07-04,3.0333343430345,2.365944595386549
2023-07-05,3.0826500444376297,2.378481158788244
2023-07-06,3.1088350367924766,2.3906585577308768
2023-07-07,3.0597998980602434,2.3645793477557926
2023-07-10,3.049088423085991,2.362128733470224
2023-07-11,3.0800622620926843,2.380804611612218
2023-07-12,3.086364611600833,2.380013522606573
2023-07-13,3.071441977049437,2.377689694984304
2023-07-14,3.07901923403974,2.3964113686421937
2023-07-17,3.0836607758462535,2.403886276540278
2023-07-18,3.083186809943396,2.401611945333203
2023-07-19,3.0993772213436643,2.4093575248303662
2023-07-20,3.137445210411107,2.422530999088799
2023-07-24,3.1543819170735974,2.423298949880237
2023-07-25,3.185860496581512,2.431780165384905
2023-07-26,3.18780545881594,2.439614051584411
2023-07-27,3.140866287680788,2.432514593320742
2023-07-28,3.1684946669811733,2.444445914022832
2023-07-31,3.1928294955959338,2.462499785284262
2023-08-01,3.1790437928732938,2.458077356873449
2023-08-02,3.162797483704606,2.431965717292319
2023-08-03,3.169433383825152,2.4192352778608313
2023-08-04,3.262028878993951,2.4387032303429277
2023-08-07,3.3159719288877563,2.4523815801639697
2023-08-08,3.2532741469288458,2.4512079574416106
2023-08-09,3.279281358403975,2.468073061111116
2023-08-10,3.307494821622623,2.4641497954492255
2023-08-11,3.2684658956493826,2.451104649286162
2023-08-14,3.2403629614176106,2.4445359819231545
2023-08-16,3.231400373455257,2.448400431136748
2023-08-17,3.2508853892228196,2.445308845334752
2023-08-18,3.2453746016449108,2.4369722603681536
2023-08-21,3.278567447585797,2.4571769122457376
2023-08-22,3.3160618778704416,2.463009152350393
2023-08-23,3.2912027818582694,2.464184320133172
2023-08-24,3.309639192606614,2.4565064052951686
2023-08-25,3.2538039299976407,2.4364613616062654
2023-08-28,3.272935530884855,2.4432591074685592
2023-08-29,3.3028326647446784,2.4569257596211806
2023-08-30,3.350166609815124,2.4661404925345223
2023-08-31,3.315910889082158,2.4539689698792415
2023-09-01,3.341492733090478,2.486566626031862
2023-09-04,3.3425476155883604,2.505995546999408
2023-09-05,3.3555244298243365,2.5133275145139002
2023-09-06,3.3442346495915367,2.5148440755079724
2023-09-07,3.370630890031419,2.530536487149595
2023-09-08,3.396750370903049,2.5413153443951737
2023-09-11,3.4425830312515484,2.5669713711496907
2023-09-12,3.367349976991086,2.546875659002832
2023-09-13,3.3599362190815354,2.5565617489196977
2023-09-14,3.386770974009464,2.5671144601705453
2023-09-15,3.429825382171474,2.5807385047712788
2023-09-18,3.4314130122037803,2.5812505615636434
2023-09-20,3.3992255013065384,2.5599532153554305
2023-09-21,3.3547982182556986,2.5416553864644262
2023-09-22,3.3825948593099384,2.5374524842263084
2023-09-25,3.3848531859394386,2.542259539991032
2023-09-26,3.3602346056224874,2.542615183132583
2023-09-27,3.375092877450853,2.547793195325938
2023-09-28,3.339320193368899,2.517981991066709
2023-09-29,3.356937031908376,2.5430364461411945
2023-10-03,3.371369018243331,2.5305795636309756
2023-10-04,3.3164197213008677,2.5057373736061876
2023-10-05,3.3498816536401645,2.516567390088075
2023-10-06,3.3716691103319016,2.530345986007203
2023-10-09,3.3306760889828584,2.5105734050043904
2023-10-10,3.3921991933595668,2.538244665792334
2023-10-11,3.418948084697022,2.5568943080441318
2023-10-12,3.4277892873636127,2.555340593472056
2023-10-13,3.4389889323730944,2.555368320291883
2023-10-16,3.427323137266534,2.5567100757864893
2023-10-17,3.445136847773455,2.5680936415585447
2023-10-18,3.4185542427048246,2.5553266837356348
2023-10-19,3.4247880026222544,2.5559694682671807
2023-10-20,3.4359477109592946,2.5439828101241644
2023-10-25,3.417130080284191,2.5264578400392455
2023-10-26,3.3943732615553994,2.4952441865668202
2023-10-27,3.462382256600127,2.5289238286810334
2023-10-30,3.4763562509152064,2.534840808589494
2023-10-31,3.4745699070362335,2.533967572087458
2023-11-01,3.444921135861693,2.519840421912151
2023-11-02,3.486273391493644,2.5421319220501957
2023-11-03,3.555928819190409,2.563606907702937
2023-11-06,3.639929706520632,2.5898002745830526
2023-11-07,3.691753359927916,2.5960340684066447
2023-11-08,3.7325770652856836,2.6056255052696717
2023-11-09,3.7460445197383447,2.6019101422765067
2023-11-10,3.7629257141577264,2.6063769885971717
2023-11-13,3.8628991675169493,2.6186115518745137
2023-11-15,3.860753790083696,2.647333720502706
2023-11-16,3.8701919853572457,2.661424678191208
2023-11-17,3.893201989644382,2.66662787888166
2023-11-20,3.8802810444038562,2.658027693084308
2023-11-21,3.863997196374904,2.6693608785770633
2023-11-22,3.8684138473300873,2.6709627273503904
2023-11-23,3.8542741494250383,2.6671283438527675
2023-11-24,3.856649085136432,2.664984925932569
2023-11-28,3.898036110805924,2.6876467121593928
2023-11-29,3.9306863351163166,2.7079800245395007
2023-11-30,3.9911715534911947,2.7285900623644808
2023-12-01,4.0367294201456305,2.737832768465923
2023-12-04,4.114404140476652,2.790970729177351
2023-12-05,4.161097083632064,2.822773946399107
2023-12-06,4.173075150320254,2.827594319661985
2023-12-07,4.184651087151752,2.8306029543544042
2023-12-08,4.178595159791585,2.82798390975032
2023-12-11,4.194663489484016,2.833314878665699
2023-12-12,4.1465182684140816,2.826185560278723
2023-12-13,4.232500541251238,2.840229458224443
2023-12-14,4.285922298979718,2.8701016394627072
2023-12-15,4.331333939076461,2.901220480345261
2023-12-18,4.350407577160685,2.901691515165829
2023-12-19,4.439151840856348,2.90831150271445
2023-12-20,4.295693047791772,2.8517016145760765
2023-12-21,4.337424217120127,2.8640457185432964
2023-12-22,4.383264500277753,2.8896631938093145
2023-12-26,4.390211683352319,2.907863561907766
2023-12-27,4.419084070068178,2.9368055474114905
2023-12-28,4.45008436488254,2.9571350802391887
2023-12-29,4.444860241770014,2.9562067461152717
2024-01-01,4.444804812089943,2.9599131157615
2024-01-02,4.465225301752657,2.9543789994319485
2024-01-03,4.4588197387263175,2.941612152614224
2024-01-04,4.513936032015762,2.9625581414518307
2024-01-05,4.547161795854371,2.9703464613895125
2024-01-08,4.527710158525,2.948547343557325
2024-01-09,4.594094918952075,2.961647455117438
2024-01-10,4.584679727686536,2.968384030331144
2024-01-11,4.604201847878683,2.9801323336889065
2024-01-12,4.631008673099221,3.0075872039353673
2024-01-15,4.641293249394376,3.027262157914913
2024-01-16,4.577849237452038,3.013570653298505
2024-01-17,4.517895625016372,2.9731624958255227
2024-01-18,4.5011594466951275,2.964346755073507
2024-01-19,4.6150072817727885,2.998625680277762
2024-01-23,4.507276895391935,2.943502913351079
2024-01-24,4.61208912091263,2.9840375462252196
2024-01-29,4.6858167435433815,3.035012327806648
2024-01-30,4.609672871161684,3.009013153894696
2024-01-31,4.644274681373005,3.0413058505766704
2024-02-01,4.636733199420338,3.0374840059059913
2024-02-02,4.718553730409484,3.067523325006965
2024-02-05,4.667056551898167,3.064618704252217
2024-02-06,4.703048908849887,3.0901058295919106
2024-02-07,4.860086483051511,3.109908735361848
2024-02-08,4.9416876960482,3.0903840803509817
2024-02-09,4.947112340233079,3.1014470562865277
2024-02-12,4.869316078840919,3.0798770032869256
2024-02-13,4.927616216022279,3.0949925069275275
2024-02-14,5.0107784794174375,3.1134984196920854
2024-02-15,5.047772554361787,3.1301497703585515
2024-02-16,5.1519360132488305,3.1582151728142733
2024-02-19,5.174365004836129,3.167698618527246
2024-02-20,5.107756598831265,3.1750900709210486
2024-02-21,5.042434586469706,3.1558350638513706
2024-02-22,5.129476533194654,3.1889115716384966
2024-02-23,5.17306246457824,3.1995934768876033
2024-02-26,5.166526598310853,3.185403384343292
2024-02-27,5.177057916546861,3.191816301803702
2024-02-28,5.105425725550635,3.14722994327311
2024-02-29,5.085189130162368,3.158014905567553
2024-03-01,5.129321802775545,3.2016411652972407
2024-03-04,5.215212978289808,3.2162017420384084
2024-03-05,5.213083460950003,3.207799789147075
2024-03-06,5.248418679436788,3.218213310707468
2024-03-07,5.331682482434182,3.234758590462982
2024-03-11,5.311852867317575,3.224034768440989
2024-03-12,5.231798563526058,3.206813705124733
2024-03-13,5.019216757161646,3.1262156981854976
2024-03-14,5.164742048984134,3.165313267719831
2024-03-15,5.1149413753744515,3.1541360111381547
2024-03-18,5.1233745870611305,3.1624359984808894
2024-03-19,5.0609341372502294,3.123682999878739
2024-03-20,5.070441932191272,3.1311798210704764
2024-03-21,5.160219471518741,3.1651605388491717
2024-03-22,5.2296712932172005,3.1905415192682742
2024-03-26,5.239389425061383,3.1876094584586543
2024-03-27,5.254326393669019,3.190129418094177
2024-03-28,5.332772715705853,3.2305440459039523
2024-04-01,5.372375010457325,3.254056596220852
2024-04-02,5.4465010949921435,3.26072668268754
2024-04-03,5.428401325784008,3.256277361958958
2024-04-04,5.420869776542524,3.2641778530623693
2024-04-05,5.413588755428917,3.2621680843064484
2024-04-08,5.406948437943365,3.284747556673273
2024-04-09,5.403928445467266,3.280956737991513
2024-04-10,5.433129050994962,3.299408185498837
2024-04-12,5.452097167551522,3.2658598452480416
2024-04-15,5.387733093761097,3.2322141404816307
2024-04-16,5.35545275654333,3.2173205611932922
2024-04-18,5.358761508664405,3.194604869505588
2024-04-19,5.364289916181421,3.21126946080445
2024-04-22,5.399806473075403,3.2456983953937355
2024-04-23,5.411124816396989,3.2506063769755493
2024-04-24,5.436143566774621,3.2581191750022747
2024-04-25,5.5062860696456175,3.288036847007383
2024-04-26,5.531499043298611,3.269759801257014
2024-04-29,5.4765466420399065,3.283088721869747
2024-04-30,5.5384731725682625,3.2867460749493214
2024-05-03,5.511478447368926,3.269079804291352
2024-05-06,5.467396373389518,3.2543463032745286
2024-05-07,5.376639933822044,3.22761356364782
2024-05-08,5.4021295752254614,3.2306165897480756
2024-05-09,5.376362804156121,3.1783255313554903
2024-05-10,5.420095897075309,3.20456808742363
2024-05-13,5.3450728172954065,3.212734670997072
2024-05-14,5.413534861356246,3.237106303525503
2024-05-15,5.460053809982329,3.2415736935636428
2024-05-16,5.520583639568353,3.271155829751027
2024-05-17,5.608917428186157,3.282420001486434
2024-05-21,5.606615950985493,3.309536107804857
2024-05-22,5.5823363571399724,3.3179798509254392
2024-05-23,5.691329016326323,3.367078753778384
2024-05-24,5.646737310059778,3.358960407926332
2024-05-27,5.620366922616434,3.3468266603114376
2024-05-28,5.58015294982974,3.3427540717263047
2024-05-29,5.560773276045336,3.327549514343112
2024-05-30,5.521248998854748,3.279006773750497
2024-05-31,5.49136137685518,3.2853739967564364
2024-06-03,5.686556694073732,3.380936697353803
2024-06-04,5.369794955144293,3.1942359123300705
2024-06-05,5.661111953027264,3.317228932941467
2024-06-06,5.688802095991958,3.3490073879222653
2024-06-07,5.8077941325278974,3.4150009704786926
2024-06-10,5.770408362637261,3.4193046367525124
2024-06-11,5.783979826725681,3.4268680204453212
2024-06-12,5.805814529426172,3.4423768168238436
2024-06-13,5.8760837900855565,3.463259282162522
2024-06-14,5.944757521129478,3.4793562182706586
2024-06-18,6.027527852858005,3.4970343449999364
2024-06-19,6.073802185521019,3.4733302361615155
2024-06-20,6.046563831947155,3.4761509637929584
2024-06-21,5.972273889363719,3.463192726609
2024-06-24,6.040622492802167,3.474562959356183
2024-06-25,6.072000148775047,3.4841804902739444
2024-06-26,6.018379146408294,3.484189014119318
2024-06-27,6.033199044306973,3.511634238420752
2024-06-28,6.083116987220738,3.5180158560645443
2024-07-01,6.087449822092323,3.5334719303535507
2024-07-02,6.088891738558298,3.526719791112269
2024-07-03,6.102734025165424,3.5516483879229686
2024-07-04,6.127869059359697,3.554168728856069
2024-07-05,6.169583692914824,3.575616566055699
2024-07-08,6.132973255213689,3.572712320413652
2024-07-09,6.204569481144509,3.5936734976105758
2024-07-10,6.085571195996736,3.584621286715968
2024-07-11,6.129759931499099,3.5853915828279526
2024-07-12,6.178408768923084,3.6117507529895465
2024-07-15,6.28213945378499,3.6358282904837225
2024-07-16,6.183432623440773,3.633624004293374
2024-07-18,6.147164124745839,3.6451811733237713
2024-07-19,6.0746182746065385,3.588197062482875
2024-07-22,6.1155543359927735,3.5930431827771767
2024-07-23,6.0749850025825785,3.594535527528572
2024-07-24,6.087130153081751,3.590495209627105
2024-07-25,6.0472330466241875,3.588068900723188
2024-07-26,6.158183216616305,3.6669641621457707
2024-07-29,6.22499416933234,3.6682250342744416
2024-07-30,6.243458185335435,3.6702707092471427
2024-07-31,6.294850670764134,3.6952240806792918
2024-08-01,6.257924000746393,3.710122321036121
2024-08-05,6.0854703469119595,3.6166543060604726
2024-08-06,5.969122650136868,3.600043748866651
2024-08-07,6.159123764532524,3.667729641254348
2024-08-08,6.182325398522309,3.6349819902429554
2024-08-09,6.373238834767518,3.6824478533060474
2024-08-12,6.396267315475402,3.677347285695688
2024-08-13,6.342299472365261,3.6501313324090883
2024-08-14,6.37987372911378,3.638430932872192
2024-08-16,6.509176871001811,3.7024732148087445
2024-08-19,6.504378425011644,3.7157811235103133
2024-08-20,6.584201523051144,3.7423672413537017
2024-08-21,6.617201320572097,3.7601959397026534
2024-08-22,6.644175302176813,3.766660675396378
2024-08-23,6.648247477589521,3.7691612852469762
2024-08-26,6.667216012700142,3.791313837695821
2024-08-27,6.667966693481035,3.7872321143636083
2024-08-28,6.776227597489072,3.7937424800598354
2024-08-29,6.712830346028721,3.7989099224047225
2024-08-30,6.758391791327102,3.8152417314275593
2024-09-02,6.758419226118055,3.8262211420569994
2024-09-03,6.751843618323585,3.826759551756324
2024-09-04,6.74855982679054,3.8132434773959045
2024-09-05,6.698248434786974,3.806163549990002
2024-09-06,6.596043789252843,3.771215944706821
2024-09-09,6.588271797192813,3.7762896479636274
2024-09-10,6.552356863808279,3.792410613732885
2024-09-11,6.540889343303785,3.777644604768905
2024-09-12,6.665958761915484,3.856976024402721
2024-09-13,6.639860766455394,3.8498476121103486
2024-09-16,6.663095271955113,3.8553124599274455
2024-09-17,6.662051948464749,3.8576553392202015
2024-09-18,6.611532346646496,3.846272347075104
2024-09-19,6.563809540739673,3.8447056430143633
2024-09-20,6.709032759023786,3.8970924012800428
2024-09-23,6.850177760329734,3.930819706978651
2024-09-24,6.875873150677704,3.9314893598974834
2024-09-25,6.86270311033239,3.934626273128489
2024-09-26,6.9757986653243025,3.9754613476704193
2024-09-27,6.995019900999035,3.980745135331401
2024-09-30,6.823719434044506,3.938438424347814
2024-10-01,6.862295703990956,3.9369607268527167
2024-10-03,6.775708725373151,3.8615863935317263
2024-10-04,6.725742859439201,3.8277638177944993
2024-10-07,6.720327382422154,3.785699186879923
2024-10-08,6.956468859830051,3.822523684799031
2024-10-09,7.009551655910773,3.8266221743251996
2024-10-10,7.005692874148554,3.8232317973286816
2024-10-11,7.022622388161645,3.826637272048117
2024-10-14,7.073272961115664,3.8447483532524465
2024-10-15,7.027556702567303,3.8246643305192505
2024-10-16,6.914608411352225,3.8070684416003564
2024-10-17,6.880410066666941,3.759722985038349
2024-10-18,6.870556180680744,3.777242666978784
2024-10-21,6.821180508986263,3.754056729819114
2024-10-22,6.666491240688542,3.6934578110773875
2024-10-23,6.618527281103626,3.6860230100662603
2024-10-24,6.619911862774283,3.6733636084282026
2024-10-25,6.542069725486561,3.6166752401800224
2024-10-28,6.568966815204738,3.644833399369238
2024-10-29,6.678016605995779,3.6641489190413026
2024-10-30,6.598950577099879,3.6522661773310463
2024-10-31,6.524463699566857,3.6399177280985238
2024-11-04,6.479124591692242,3.5920498724306826
2024-11-05,6.5053049462679295,3.6235480809020464
2024-11-06,6.67262131415263,3.6679804884175984
2024-11-07,6.582337152784545,3.6204543659592017
2024-11-08,6.616883593672236,3.6100007755293246
2024-11-11,6.666773920151886,3.600447772712887
2024-11-12,6.656701620611065,3.5623065548839463
2024-11-13,6.604235956718108,3.5061439911786922
2024-11-14,6.5995747505550435,3.5087556511479336
2024-11-18,6.510486453937641,3.5031848365168843
2024-11-19,6.569701414394315,3.510161514730194
2024-11-21,6.5753341558666225,3.4645909414242086
2024-11-22,6.729136374201327,3.5405705940397523
2024-11-25,6.7651892292701845,3.5818485126819586
2024-11-26,6.772120382908845,3.573308693939258
2024-11-27,6.747126097985055,3.593549478727956
2024-11-28,6.626582403085015,3.540888887174768
2024-11-29,6.693820864599337,3.5692792896539514
2024-12-02,6.7781111924282005,3.593099644868792
2024-12-03,6.78943772521464,3.6214482142005506
2024-12-04,6.821225888475944,3.618867009707805
2024-12-05,6.917207786752371,3.647321944074548
2024-12-06,6.889463720883945,3.646608456363422
2024-12-09,6.900807873022307,3.6335245916964145
2024-12-10,6.939613032682547,3.627778614628708
2024-12-11,6.93919899274402,3.637684163629301
2024-12-12,6.959845061980251,3.620029266559756
2024-12-13,7.014955209059581,3.644113233475609
2024-12-16,6.983442839574626,3.632629431018607
2024-12-17,6.946542494783435,3.5830007512743802
2024-12-18,6.9656526367563085,3.5638719083726675
2024-12-19,6.916869694201674,3.5394512559515614
2024-12-20,6.8038877196347505,3.4816028733156728
2024-12-23,6.844445498705421,3.4980274986520006
2024-12-24,6.826332797762326,3.490754254784131
2024-12-26,6.83986478659949,3.501391223665427
2024-12-27,6.88769791749935,3.505730863123042
2024-12-30,6.917208252308469,3.492787819044021
2024-12-31,6.8608685147136015,3.4958747523503813
2025-01-01,6.852792099285971,3.507058932005244
2025-01-02,6.929291647545115,3.582456781343151
2025-01-03,6.790235599939511,3.565193873933025
2025-01-06,6.788804591694244,3.500044499156459
2025-01-07,6.770308438150471,3.5124346929988692
2025-01-08,6.76414478452857,3.503553572055511
2025-01-09,6.715188948099342,3.480302598089441
2025-01-10,6.802387121799894,3.448940092291076
2025-01-13,6.671697810319386,3.376182421847298
2025-01-14,6.578295471967555,3.407214704235924
2025-01-15,6.596354794428763,3.41569943760698
2025-01-16,6.57706018162602,3.4343798760428643
2025-01-17,6.531186739074025,3.4401673672978004
2025-01-20,6.634474651021055,3.4542695767746516
2025-01-21,6.552431442718019,3.4009708650286847
2025-01-22,6.6844156153791525,3.4109626605984036
2025-01-23,6.757048576611476,3.430855638187653
2025-01-24,6.764261908481083,3.4050700964609053
2025-01-27,6.592305777640649,3.3502633652518443
2025-01-28,6.541005390352069,3.3544317722254773
2025-01-29,6.652945606016767,3.4041818801881933
2025-01-30,6.632015065898034,3.4200599227404824
2025-01-31,6.65822197604086,3.4766973507873207
2025-02-03,6.797715307004692,3.4585231301677064
2025-02-04,6.837125907380074,3.5030393178598493
2025-02-05,6.823757054481798,3.5010953722945883
2025-02-06,6.809788826500022,3.480180542601855
2025-02-07,6.819402706688958,3.491948176489425
2025-02-10,6.790591540004652,3.454546533709066
2025-02-11,6.609409451342392,3.3954162586877805
2025-02-12,6.578917935999341,3.3934869508715977
2025-02-13,6.61643009841862,3.396190144141422
2025-02-14,6.566990980000953,3.3582011249850496
2025-02-17,6.576106876793444,3.372867798120649
2025-02-18,6.619199378558536,3.373553329936738
2025-02-19,6.652941773251922,3.380045970612615
2025-02-20,6.629329915372603,3.3960025635019653
2025-02-21,6.595303019657582,3.378187359630042
2025-02-24,6.564082957259129,3.3454245950845634
2025-02-25,6.577642132259281,3.3366700211400873
2025-02-27,6.588075045363894,3.3308992577274417
2025-02-28,6.36651988147722,3.251842117282346
2025-03-03,6.433263013948502,3.2614696922507598
2025-03-04,6.36493078873192,3.2576578627387627
2025-03-05,6.408319951971935,3.3123861832463133
2025-03-06,6.454350901538802,3.346926771306157
2025-03-07,6.458959965743891,3.3401982019829597
2025-03-10,6.386099493573888,3.314770589611546
2025-03-11,6.385820557886005,3.3083635021656272
2025-03-12,6.404237418802596,3.298552192566888
2025-03-13,6.360062500685813,3.2817922528558037
2025-03-17,6.382633105128103,3.302670880508458
2025-03-18,6.382633105128103,3.3028648376855116
2025-03-19,6.471731111660393,3.379124435667034
2025-03-20,6.529632159203225,3.415605019758288
2025-03-21,6.594407197342386,3.440344435313523
2025-03-24,6.7579070831103,3.4741377348046107
2025-03-25,6.754433189265414,3.4597470348205706
2025-03-26,6.668614811071939,3.4346059448902566
2025-03-27,6.687571995998639,3.4588300838527526
2025-03-28,6.634453168740416,3.4383764374452213
2025-04-01,6.569289657375146,3.415234684597624
2025-04-02,6.6140964491417975,3.440724547834242
2025-04-03,6.55549651206035,3.4391416253850164
2025-04-04,6.467541075245116,3.3651407563276874
2025-04-07,6.308040830057621,3.2566559892863833
2025-04-08,6.434534145460721,3.322221405497939
2025-04-09,6.371678983305393,3.299808289831955
2025-04-11,6.489916225242281,3.3679396139279225
2025-04-15,6.6222972994629465,3.441178575378112
2025-04-16,6.631247546420422,3.4676325882306775
2025-04-17,6.6480153263952815,3.5100821891729814
2025-04-21,6.7418021215851,3.5546319486635234
2025-04-22,6.724667472699926,3.5499022438554455
2025-04-23,6.772843480012577,3.5863746049819536
2025-04-24,6.739887727931552,3.5836802147280213
2025-04-25,6.6508396307321425,3.5405377953399095
2025-04-28,6.686572336300671,3.5735217117888545
2025-04-29,6.668405697595074,3.5677388838466437
2025-04-30,6.647570994219177,3.5660656968771507
2025-05-02,6.6544201258126545,3.550241024138843
2025-05-05,6.626009038255886,3.5800058480531987
2025-05-06,6.612486823926637,3.5592550619553354
2025-05-07,6.669084172272986,3.5645058566182803
2025-05-08,6.590241794467055,3.5318369523202073
2025-05-12,6.87803776628027,3.6641044678228645
2025-05-13,6.806705860445063,3.6290695760511595
2025-05-14,6.864967440339474,3.6529017729425544
2025-05-15,7.018977789298818,3.718233528118365
2025-05-16,7.017123115943307,3.7193140717037045
2025-05-19,7.001861443309134,3.7113182623912286
2025-05-20,6.904810210422943,3.6683628152759624
2025-05-21,6.923782435714249,3.6878193364089453
2025-05-22,6.864142607214957,3.65758607219513
2025-05-23,6.9823825839982065,3.69726846920865
2025-05-26,7.011896922990775,3.71790100572145
2025-05-27,6.979455752481548,3.70136253866839
2025-05-28,6.954417731746983,3.6843983828085047
2025-05-29,6.991813644427763,3.6991071238433872
2025-05-30,6.933247086089501,3.6754169557731498
2025-06-02,6.987063402600709,3.671924110334345
2025-06-03,6.922062345794869,3.6468474038469822
2025-06-04,6.911113121927299,3.6569794194303884
2025-06-05,6.922551282164195,3.6734978645791276
2025-06-06,7.0666765622469025,3.7184813062970603
2025-06-09,7.127403979614643,3.743276842663259
2025-06-10,7.141914859981977,3.753772724676101
2025-06-11,7.0913695611079435,3.7565957045375615
2025-06-12,6.97162085777547,3.714194508615915
2025-06-13,6.911689002058726,3.694969991588665
2025-06-16,6.9769732019323305,3.7342180254233046
2025-06-17,6.932013381530554,3.7128546942408787
2025-06-18,6.9024920130570875,3.7087899665844275
2025-06-19,6.867040235484108,3.703605417288125
2025-06-20,6.9435652787609135,3.7460680370572
2025-06-23,6.949440138452295,3.7370080767957163
2025-06-24,7.039934106229525,3.7520822158119977
2025-06-25,7.056162515382288,3.779266393127536
2025-06-26,7.2126086214366865,3.818977434936206
2025-06-27,7.172638283529521,3.834668026784143
2025-06-30,7.124469364337962,3.8249707683718093
2025-07-01,7.0840649418611905,3.8265137868780106
2025-07-02,7.039596354943923,3.8212471077582215
2025-07-03,6.975406444673883,3.8154483969610915
2025-07-04,6.971658402196707,3.8141905039513526
2025-07-07,6.9919338345244455,3.8120252612042402
2025-07-08,6.992173479426906,3.8144197801066113
2025-07-09,7.007236123921663,3.80833960522325
2025-07-10,6.972597131115826,3.7910955692330277
2025-07-11,6.975679970438793,3.7653825524540148
2025-07-14,6.984532149974259,3.7604895056732173
2025-07-15,7.011924952436137,3.779587062179632
2025-07-16,6.99611706699417,3.779980588340609
2025-07-17,6.9870324325504995,3.77209960091979
2025-07-18,6.839528024196946,3.7558599270206057
2025-07-21,6.873902661926838,3.76608353057252
2025-07-22,6.807497793384545,3.7586175323078126
2025-07-23,6.818102350499638,3.774847849905458
2025-07-24,6.755667329291368,3.7538472954435207
2025-07-25,6.697999320789902,3.718034691192802
2025-07-28,6.721831167736155,3.694967449571592
2025-07-29,6.72963551935397,3.7159074342718066
2025-07-30,6.746375148186573,3.7177744350293316
2025-07-31,6.717127418768487,3.70639146204208
2025-08-01,6.612704933037603,3.669983843323819
2025-08-04,6.713210542657918,3.7116974200014012
2025-08-05,6.70605259079951,3.711737612252032
2025-08-07,6.791172897371096,3.7183443763815287
2025-08-08,6.716917190035113,3.6865659885454147
2025-08-11,6.782960153009958,3.721069060609185
2025-08-12,6.797425983681367,3.7170765743260095
2025-08-13,6.884505019296798,3.7480084813130596
2025-08-14,6.827686292166775,3.7443540448421877
2025-08-18,6.969019562308196,3.8001090301984677
2025-08-19,7.046738135178804,3.8152569042118842
2025-08-20,7.097764490572086,3.829824944155718
2025-08-21,7.028727041171192,3.8285715928208144
2025-08-22,6.927144141128665,3.795993116497142
2025-08-25,6.955814955090967,3.8128955073440727
2025-08-26,6.8812203031349135,3.77383072151206
2025-08-28,6.823888109810837,3.747625762182355
2025-08-29,6.818581676584665,3.744099500957824
2025-09-01,6.928557343851437,3.7875932383721223
2025-09-02,6.97306075120545,3.789980124960531
2025-09-03,7.128468455402084,3.8144717184661276
2025-09-04,7.10177439534526,3.808659047364537
2025-09-05,7.125690303426655,3.809294235179838
2025-09-08,7.204217733087081,3.807719349820626
2025-09-09,7.174073725537928,3.827813212705445
2025-09-10,7.156906675923979,3.8507351990042764
2025-09-11,7.160230261955221,3.8551982172899204
2025-09-12,7.136284000947323,3.867678634010972
2025-09-15,7.1580985753671875,3.8562030222960084
2025-09-16,7.22590784859383,3.883047644133824
2025-09-17,7.230190530855373,3.898647210460494
2025-09-18,7.303554031969894,3.9099713316177263
2025-09-19,7.304203876308813,3.9064933112954296
2025-09-22,7.310187825576027,3.893274959553768
2025-09-23,7.317493944939015,3.8868818930544298
2025-09-24,7.262261617837448,3.8720671375940467
2025-09-25,7.240739059090602,3.843368463395718
2025-09-26,7.092774191029211,3.795399733422982
2025-09-29,7.0971552028666185,3.7942316984794604
2025-09-30,7.1653967282731506,3.800565977276766
2025-10-01,7.197377093343591,3.833927545682588
2025-10-03,7.302729249504758,3.8474269602918745
2025-10-06,7.3336597199261195,3.868466426932517
2025-10-07,7.3798766522216335,3.8693433064142586
2025-10-08,7.334120257916734,3.8547723685710173
2025-10-09,7.440160926384771,3.8826152462603307
2025-10-10,7.4218915065727735,3.9020006419449174
2025-10-13,7.424251843175113,3.8950564296783345
2025-10-14,7.372300498006712,3.878116202079615
2025-10-15,7.465608702911215,3.910394983766416
2025-10-16,7.46800311659151,3.9461287701697993
2025-10-17,7.409262331929924,3.9559098309600453
2025-10-20,7.383980034057317,3.97737761530141
2025-10-21,7.406972275675132,3.981765139889901
2025-10-23,7.329421311298237,3.985433484638507
2025-10-24,7.300792247516873,3.969029668725361
2025-10-27,7.38891312385732,3.9947958121892
2025-10-28,7.481057463777519,3.9956176056099673
2025-10-29,7.513535786129231,4.0159294611122185
2025-10-30,7.49469269540882,3.993371314780443
2025-10-31,7.4180323877260745,3.971339914096403
2025-11-03,7.424428192385033,3.9801118197917593
2025-11-04,7.252793995752271,3.9471418098802507
2025-11-06,7.171045415491051,3.9235275508119924
2025-11-07,7.207581408978177,3.9314659084339874
2025-11-11,7.137938674064183,3.9560085349526397
2025-11-12,7.140671892807638,3.991628852160631
2025-11-13,7.136786655062041,3.986977614916016
2025-11-14,7.119958837607102,3.993083512650982
2025-11-17,7.183109423084263,4.013001402902185
2025-11-18,7.152828864918559,3.990477237968953
2025-11-19,7.159027834179789,4.008592539916543
2025-11-20,7.268556375734566,4.023895990579097
2025-11-21,7.176539305122902,4.005672389475669
2025-11-24,7.187010058044171,3.9865449996777795
2025-11-25,7.231780709419979,3.982800872313258
2025-11-26,7.3167883579890365,4.031745178992968
2025-11-27,7.324455533453824,4.021825466052715
2025-11-28,7.324894221438263,4.019909639798313
2025-12-01,7.312039340950548,4.022724015458673
2025-12-02,7.285835664559373,4.013564959577658
2025-12-03,7.2398116581748235,3.991672539652699
2025-12-04,7.240350229169313,4.010804257740667
2025-12-05,7.393721069644668,4.032032215173825
2025-12-08,7.284174413281183,3.9830873230782657
2025-12-09,7.281121021352785,3.966091542471627
2025-12-10,7.293730726375837,3.9573742663241065
2025-12-11,7.320833245768093,3.983823649264822
2025-12-12,7.381848028836771,4.010158749907604
2025-12-15,7.364935036279614,4.007790573493732
2025-12-16,7.291878167917869,3.978001251445717
2025-12-17,7.378466695233468,3.9725986679601095
2025-12-18,7.398978926014128,3.9691742837819857
2025-12-19,7.484756943291725,3.995495360520916
2025-12-22,7.567389107357315,4.02786008522437
2025-12-23,7.607383957937531,4.0323164558370435
2025-12-24,7.631510514009999,4.029002107162088
2025-12-26,7.605921548424069,4.0168706737533615
2025-12-29,7.568819158392506,4.0017356884014195
2025-12-30,7.623626943292158,4.004654578719669
2025-12-31,7.68946936411984,4.043397260792367
2026-01-01,7.730164211171567,4.028859390634366
2026-01-02,7.816127377010806,4.061480397600155
2026-01-05,7.838834729353896,4.065715128351696
2026-01-06,7.882446062023813,4.073196448587283
2026-01-07,7.845999137394646,4.070468548098058
2026-01-08,7.7679896444142065,4.018767047516582
2026-01-09,7.710549437341451,3.9900214080772396
2026-01-12,7.73492398251921,4.016961444555226
2026-01-13,7.780912282426898,4.0093540365392775
2026-01-14,7.801011810054297,4.0092245159500415
2026-01-16,7.809165833825589,4.006438136769151
2026-01-19,7.868928026661773,3.997626865165716
2026-01-20,7.719381582565554,3.9206909193792847
2026-01-21,7.721792336930565,3.9146015072743587
2026-01-22,7.781747841201369,3.9453763752625903
2026-01-23,7.718845167999605,3.894766637280759
2026-01-27,7.789744047999418,3.925804832013109
2026-01-28,7.906056538525183,3.960322259932751
2026-01-29,7.953984484584073,3.9677848270170086
2026-01-30,7.876371461494543,3.9566895611942736
2026-02-02,7.588963669846072,3.91117160262444
2026-02-03,7.894029008915317,4.010052171279908
2026-02-04,7.925262124500999,4.0272678901968355
2026-02-05,7.86145319630099,4.0150254248817605
2026-02-06,7.900275390012968,4.014625585166316
2026-02-10,7.902036685694249,4.028306299339138
2026-02-11,7.867114117722291,4.036475871292395
2026-02-12,7.789994411899577,4.015876663877811
2026-02-13,7.641546562801172,3.961246949526558
2026-02-16,7.705725120012244,3.987690463937435
2026-02-17,7.6890155195912095,4.0005012473295185
2026-02-18,7.6959583409656025,4.014821700384812
2026-02-19,7.615080088477933,3.9589374907344212
2026-02-20,7.674142587337033,3.9804691267918786
2026-02-23,7.63156150081466,3.99929053753004
2026-02-24,7.574246523140022,3.9641775411932154
2026-02-25,7.6876928608706985,3.9914349737033374
2026-02-26,7.747387016586007,3.9970008195560887
2026-02-27,7.657364605694925,3.949102692125671
2026-03-02,7.592094568382591,3.9067559499324367
2026-03-04,7.515546260034987,3.833585890352045
2026-03-05,7.658452771654988,3.8816213644694155
2026-03-06,7.553670020103013,3.8437785078956477
2026-03-09,7.437173087263746,3.773714085339379
2026-03-10,7.618858379185261,3.81996129079675
2026-03-11,7.550058948736303,3.767254151169441
2026-03-12,7.584331250777596,3.7341251367426866
2026-03-13,7.389601827314828,3.652591146214948
2026-03-16,7.396098674164584,3.6815882839695964
2026-03-17,7.441053987031985,3.707542768776282
2026-03-18,7.524573133630249,3.7444418143830718
2026-03-19,7.2627862265351295,3.6290148262778033
2026-03-20,7.30533546372306,3.6578356162428616
2026-03-23,7.040770332812645,3.5501626575795897
2026-03-24,7.149524218734996,3.61155400039093
2026-03-25,7.274823762836409,3.6776152378451483
2026-03-27,7.13312545491726,3.6194840771765033
2026-03-30,7.049642005320872,3.5475108720821136
2026-04-01,7.207566103753127,3.6018055581655486
2026-04-02,7.236867341369467,3.6005318391360217
2026-04-06,7.368476814297465,3.65237322279366
2026-04-07,7.448405166058342,3.674347176955767
2026-04-08,7.622943201145054,3.79311509419325
2026-04-09,7.625226947241747,3.7812887748877757
2026-04-10,7.624156053751293,3.8209771248269346
2026-04-13,7.544479087071269,3.7862443148778406
2026-04-15,7.71337783423384,3.8533616808850355
2026-04-16,7.770502325987284,3.857621287523592
2026-04-17,7.844542511590358,3.883703857525606
2026-04-20,7.820964637181836,3.888175195364204
2026-04-21,7.840434126373268,3.9142066384279364
2026-04-22,7.85603084106957,3.896460354145528
2026-04-23,7.766434662545737,3.883147520136466
2026-04-24,7.707166288602977,3.8413904999488855
2026-04-27,7.796803229936758,3.883933418968699
2026-04-28,7.819002072707092,3.8741671871528025
2026-04-29,7.964985079818009,3.9056885346707455
2026-04-30,7.913039244488222,3.879840392758851
2026-05-04,7.948521045611093,3.902231173475778
2026-05-05,7.922486017633959,3.8937480703341496
2026-05-06,8.0448386969618,3.940818787876811
2026-05-07,8.046475145347845,3.947291859090476
2026-05-08,8.004288180080952,3.940605860586881
2026-05-11,7.8959414809494755,3.8990471248486855
2026-05-12,7.724860936877843,3.8212894908780948
2026-05-13,7.73232185280141,3.831647953018158
