Date,Portfolio Value,Benchmark Value
2020-01-01,100626.71297272941,100571.22013679615
2020-01-02,100532.84342635622,100687.3488576922
2020-01-03,101334.99682825382,101243.8753784215
2020-01-06,103149.34481480988,100407.29320676097
2020-01-07,102940.96982464347,100611.80451877514
2020-01-08,102733.03494234964,99311.71503626082
2020-01-09,104637.8606215513,99250.6900177935
2020-01-10,105614.84470909955,98446.30124306213
2020-01-13,105119.67811399385,97805.06173604028
2020-01-14,105833.12255881239,98990.11584479884
2020-01-15,105344.2008283828,100054.10311665319
2020-01-16,104854.77605457294,100673.67035637834
2020-01-17,105209.02947872569,99678.5234549123
2020-01-20,102993.36538812656,99424.01718290514
2020-01-21,101044.33859764275,100607.08382185726
2020-01-22,100464.26117153482,100785.72245418264
2020-01-23,99374.27368929145,103038.4962225088
2020-01-24,99791.46184196201,103466.41635272167
2020-01-27,98827.3660908599,103699.34010587951
2020-01-28,97307.49033365317,103441.71277325045
2020-01-29,98986.41582562301,103617.39309706812
2020-01-30,98795.85292126331,103513.34086348585
2020-01-31,98934.22822096992,104251.13282229027
2020-02-03,97398.7486891418,105239.06817283414
2020-02-04,96859.373971428,104503.40558325005
2020-02-05,97042.69627777072,103234.47704539681
2020-02-06,95837.8025357597,101488.36889748197
2020-02-07,96306.92242066952,102019.82033160503
2020-02-10,95712.16149896708,101000.71103587678
2020-02-11,95456.36351174177,98990.15088331251
2020-02-12,94865.69948060618,99396.8252526074
2020-02-13,96918.38271712932,101781.6671126549
2020-02-14,96965.08540739038,101820.25694109977
2020-02-17,95863.71776494676,102671.42348374403
2020-02-18,96818.68367489467,102795.62743496404
2020-02-19,95539.88844587245,102744.44431455532
2020-02-20,95826.8149082716,103681.57273346662
2020-02-21,93758.33082733274,103442.44894748655
2020-02-24,92405.83938089198,103748.96214504706
2020-02-25,92670.77775541604,104109.62118460964
2020-02-26,93505.58805460134,103497.83625097037
2020-02-27,93746.65053773836,104513.19422154696
2020-02-28,93683.23958818722,104386.03235244896
2020-03-02,93422.86816301744,103686.16444604043
2020-03-03,91915.9626328042,104257.06559411227
2020-03-04,91224.07942773825,103417.46087376773
2020-03-05,90805.52218054277,103490.1421320342
2020-03-06,91951.62952608567,103526.39902547326
2020-03-09,92368.27944471677,104633.84747746917
2020-03-10,90580.39203905738,105148.85366571802
2020-03-11,90970.76521657714,105169.8861077241
2020-03-12,90631.30762417885,106028.45868255779
2020-03-13,89993.2040019569,107467.55480461109
2020-03-16,90674.51355543084,108080.90651858984
2020-03-17,91792.10924874221,108138.6574973527
2020-03-18,92819.68929054536,106845.40790098722
2020-03-19,91995.36583222517,105816.71418519167
2020-03-20,91731.22706852962,105557.7177852937
2020-03-23,92134.02759034457,104995.8508350318
2020-03-24,93211.6790145019,104856.1848488524
2020-03-25,92764.41167319073,104958.08402760702
2020-03-26,92628.02439959,105529.22750679738
2020-03-27,91524.84882086176,105504.99346886146
2020-03-30,90341.54349459035,106036.05458083373
2020-03-31,91231.2358198783,106146.94007687387
2020-04-01,92692.14322680446,104211.89233953925
2020-04-02,92675.31057508415,103332.40886707879
2020-04-03,93788.70379755326,103236.82726822214
2020-04-06,94232.83905301479,102101.83818624065
2020-04-07,93603.35899464846,102725.20070160927
2020-04-08,94046.3613798294,104255.88259165986
2020-04-09,95746.21325213494,105502.02448189858
2020-04-10,95768.10960062881,105335.29566370705
2020-04-13,97527.974269907,106865.03233033649
2020-04-14,94692.81687455224,107061.80113660064
2020-04-15,95635.42885406988,106767.52517096596
2020-04-16,95790.54393581781,106195.2936841287
2020-04-17,95526.5927055433,105938.13520115793
2020-04-20,95686.637007642,105595.80477983254
2020-04-21,93590.90900285376,105811.93720427506
2020-04-22,93417.21134703154,106018.67144977587
2020-04-23,93854.7959291058,106068.00089030228
2020-04-24,95487.18085465078,106552.22099667916
2020-04-27,94986.66462330577,107797.50295486115
2020-04-28,94176.18757132899,108811.7643938677
2020-04-29,93700.17690722168,107332.52732230948
2020-04-30,94732.24734477064,104789.19953332808
2020-05-01,95145.52698901137,105760.0715988656
2020-05-04,94634.40565072719,104440.26186892732
2020-05-05,95245.25429940883,104264.03715389426
2020-05-06,95410.56925649355,103156.75090073473
2020-05-07,96519.0800139478,101445.31781550527
2020-05-08,95812.0185678636,102008.6284287055
2020-05-11,95516.87741674497,102784.89878352184
2020-05-12,95152.84655877441,102269.8433156674
2020-05-13,93634.22815186666,99810.60739402968
2020-05-14,94008.07301098767,99339.00058340687
2020-05-15,94346.03289703849,99750.13567968053
2020-05-18,94411.40543147772,98399.72903043106
2020-05-19,94220.21785732832,98613.16752083218
2020-05-20,92767.91919076955,98641.94712880801
2020-05-21,92384.34712990801,99224.95044107405
2020-05-22,92083.99668252627,99380.37999635615
2020-05-25,91304.77743439423,98509.99377851057
2020-05-26,91195.7698078149,99666.80115337804
2020-05-27,91671.48585726714,99561.00925653889
2020-05-28,93690.29901033736,99578.7813237424
2020-05-29,93935.24732830076,98744.10746063024
2020-06-01,94269.21226643184,98373.60815213664
2020-06-02,94249.48957248803,97594.08664536582
2020-06-03,92258.7612879655,97477.20028425695
2020-06-04,92289.60168932761,99096.35826236424
2020-06-05,92411.22711184058,97855.00400927986
2020-06-08,95050.99640136758,96405.75044436047
2020-06-09,94904.02401817647,97787.99304120241
2020-06-10,95288.77879748856,97637.26117202317
2020-06-11,95311.77447281506,97062.6038717843
2020-06-12,94109.25986697075,98058.72666619714
2020-06-15,95388.51652264199,97540.3861756919
2020-06-16,96262.37451973687,99265.94173111086
2020-06-17,97186.91492746622,99945.14961072516
2020-06-18,96246.47953799198,99527.99639447362
2020-06-19,97838.50343275984,101600.28418299965
2020-06-22,96345.43148500434,101063.12753385105
2020-06-23,97047.71786470503,101815.91140801446
2020-06-24,99519.7515747928,102148.29525403093
2020-06-25,98465.17006907312,103449.33837070358
2020-06-26,97895.42183799055,105020.87884108507
2020-06-29,98068.19364083165,105098.48073444125
2020-06-30,97570.59987524874,104396.14733893157
2020-07-01,95916.97823087806,104895.45700651516
2020-07-02,96052.44673757882,104269.5143062742
2020-07-03,94956.44305413653,106298.72722128904
2020-07-06,95526.65213037464,106482.26744540413
2020-07-07,94591.4108372751,106161.17482609504
2020-07-08,96313.87548376467,106392.77315735705
2020-07-09,95519.63881826556,105084.92520302608
2020-07-10,95231.4643110515,104166.02249937337
2020-07-13,96170.38358452672,105393.03086871147
2020-07-14,94889.22396455519,104784.85410657458
2020-07-15,95194.20493930543,103794.02204234997
2020-07-16,96665.57667184547,104365.65721925732
2020-07-17,94965.01400315223,105580.51094548986
2020-07-20,95224.12336642719,106343.85573439165
2020-07-21,95565.18899327503,107391.15915355965
2020-07-22,96473.0543443972,106670.07761951922
2020-07-23,95181.20469781816,105283.54367769106
2020-07-24,93816.52989809615,106823.08151138751
2020-07-27,94431.32666485244,106544.00301217963
2020-07-28,94809.27957936047,106337.98512923969
2020-07-29,95138.76482474587,107718.97133027604
2020-07-30,95572.90908453512,108332.14945574597
2020-07-31,94896.65095599476,108846.1034405654
2020-08-03,95206.81401901192,111120.3183821245
2020-08-04,95583.64736091564,110493.13666097222
2020-08-05,94870.10940368121,111510.09041578394
2020-08-06,96937.40640963786,111618.83854947561
2020-08-07,97519.77541872356,111950.84503600896
2020-08-10,96264.38469222547,113616.581476728
2020-08-11,97042.15652298168,114211.37618624701
2020-08-12,96031.2751054192,114842.15736886713
2020-08-13,96949.29771483662,116056.12506943621
2020-08-14,98284.49892173812,115706.56736130214
2020-08-17,97432.29937287048,114839.54587927512
2020-08-18,98558.47831839057,113755.91866412909
2020-08-19,99082.35767044802,111691.9522792356
2020-08-20,100068.84210270259,113910.80662563018
2020-08-21,102284.61958490718,112773.08470834368
2020-08-24,102064.96141444452,112586.54197924734
2020-08-25,101257.45976163611,112341.20105536461
2020-08-26,100300.4527321805,112716.55864434491
2020-08-27,99436.31433231234,113634.57866499243
2020-08-28,99412.51618211842,114608.11088987437
2020-08-31,99860.1926556146,114026.6975271899
2020-09-01,100236.89520041119,113896.40562532013
2020-09-02,101240.69724522393,114250.24046881153
2020-09-03,101319.90272564659,114031.63379309609
2020-09-04,103054.13955976885,115813.32060214724
2020-09-07,102810.31286989983,116401.16413594963
2020-09-08,106046.65195762171,117260.25714443646
2020-09-09,106866.32062632224,118045.91812461316
2020-09-10,105895.51143798543,119406.37297102851
2020-09-11,104676.88083151814,119662.7385597677
2020-09-14,105316.00055903372,118248.63585484837
2020-09-15,105116.01503857484,118746.8414908107
2020-09-16,106033.7751083763,118067.81900422316
2020-09-17,106670.07646759858,117529.61273083035
2020-09-18,106649.71511136014,118232.10216648882
2020-09-21,105693.40656811841,119667.10684466636
2020-09-22,103945.04395573318,119743.39527672193
2020-09-23,103484.76667141938,120145.09911636316
2020-09-24,104555.37559010313,122130.00756418913
2020-09-25,104875.57804951872,122461.15228973007
2020-09-28,103460.761468564,125525.14288651879
2020-09-29,103729.61540577425,126250.68722715757
2020-09-30,104248.67933960655,124205.28263889902
2020-10-01,103270.08857713918,125143.64325968838
2020-10-02,103515.66479558602,125648.98782515219
2020-10-05,103649.71193602942,127235.1210818875
2020-10-06,102372.21427420653,128099.99848430358
2020-10-07,102852.52913973095,127988.32370601557
2020-10-08,103571.84059050726,126563.55474206906
2020-10-09,104909.52967901563,126368.82706950458
2020-10-12,106229.7020474046,125408.40440356328
2020-10-13,104637.70318843679,124775.22701892
2020-10-14,103591.4291436303,125523.63520631836
2020-10-15,104262.17034987033,127559.0790690132
2020-10-16,104935.77755025052,128090.46510869228
2020-10-19,105615.23801684243,126698.95115837635
2020-10-20,110296.18874478231,127286.53126160201
2020-10-21,111080.19727895499,128781.33498251703
2020-10-22,112581.0045678128,128095.52300086193
2020-10-23,113870.31418808145,127989.22481949859
2020-10-26,114783.66833865181,128062.85680692513
2020-10-27,114446.21622440207,127168.96730974225
2020-10-28,115503.79341476156,128003.47324977406
2020-10-29,114564.96776919425,127913.05868193574
2020-10-30,114330.06949188931,128475.96784270898
2020-11-02,113773.44386569461,127454.64750738136
2020-11-03,113951.30431055305,126983.43691045641
2020-11-04,117014.3930618949,127905.63763438875
2020-11-05,114611.16590850565,127510.86529877275
2020-11-06,115575.77700678687,129647.28211132062
2020-11-09,113535.68441821777,129214.29920372518
2020-11-10,113000.21791661749,129545.03341506145
2020-11-11,114467.23870202599,130743.1517716718
2020-11-12,114623.34769604268,129047.9637201928
2020-11-13,113295.37242784952,126957.18391798728
2020-11-16,112448.39196592118,125182.37464250914
2020-11-17,113386.3054252548,126730.48082420921
2020-11-18,112519.27906490788,126124.95480612529
2020-11-19,112866.88828723294,129228.79144763116
2020-11-20,112996.87219855606,128596.19962066555
2020-11-23,112233.7441130472,128876.58483804896
2020-11-24,115033.41054696302,130810.77458869616
2020-11-25,115933.303885646,133347.49689187817
2020-11-26,113344.74068480424,136003.23040639318
2020-11-27,113656.33828006494,137615.48009946075
2020-11-30,112875.62919437107,139007.1839715689
2020-12-01,114038.31659122385,139846.14255555038
2020-12-02,113085.93472894674,140935.72983160045
2020-12-03,113010.61176992266,140263.22574781658
2020-12-04,113729.46528261229,139240.04131000733
2020-12-07,114918.12719118093,139296.3809373174
2020-12-08,113427.04595073048,139133.18330430088
2020-12-09,113068.84709804069,138598.0639215511
2020-12-10,112531.7188550063,139570.5719976193
2020-12-11,111769.52615836613,140891.3693094508
2020-12-14,114077.93460437696,141070.56544810574
2020-12-15,114674.21786995043,143101.67897974167
2020-12-16,113107.52040972908,141620.37051118593
2020-12-17,114356.5098473764,141423.03641072195
2020-12-18,117180.87664628882,140526.86318996988
2020-12-21,118627.12024609925,138109.71608442604
2020-12-22,116658.72674794731,138062.10260653085
2020-12-23,116092.25790992723,137963.5403635299
2020-12-24,117833.68157273553,139996.7454529623
2020-12-25,116962.97351899308,140892.32116507454
2020-12-28,117625.84478759386,139590.31438770596
2020-12-29,118733.69735945367,142096.80308834955
2020-12-30,117561.14475187767,143798.2974723449
2020-12-31,117556.43837247793,144652.0012509987
2021-01-01,113310.58237391987,144405.577071887
2021-01-04,112066.37060472724,143159.45214823718
2021-01-05,111816.58217171926,142718.44723510547
2021-01-06,110305.53640495444,144248.99060390322
2021-01-07,112417.30556338238,146880.69438669976
2021-01-08,110665.69124261767,149086.66448639493
2021-01-11,110183.77371462586,148463.08194372314
2021-01-12,110417.07457135452,146957.2383639966
2021-01-13,112291.67202011228,147217.0231739961
2021-01-14,110534.73116382043,144821.26142217472
2021-01-15,112062.75863094586,145326.71018858044
2021-01-18,112146.9124554288,145187.45734907858
2021-01-19,110970.0044729226,144611.4808354805
2021-01-20,111621.91790732862,142495.52280279004
2021-01-21,111944.73356411507,143249.26324104285
2021-01-22,111253.9339157824,142590.74038052812
2021-01-25,111412.62673660733,141076.68807648442
2021-01-26,110996.59807488395,137309.4017459249
2021-01-27,111209.94312007206,137333.63912393482
2021-01-28,112115.50086246833,139693.4034181879
2021-01-29,114202.94135890556,141947.2072933429
2021-02-01,112672.55481095606,141396.0765783432
2021-02-02,115469.22797709367,140653.20122281634
2021-02-03,112986.67716572646,141337.62086780305
2021-02-04,112863.95549219465,140065.9571465048
2021-02-05,113688.51818838583,140526.51829345504
2021-02-08,114122.92985306635,141605.0995335923
2021-02-09,113389.59550751171,143308.59998408615
2021-02-10,113194.00255254748,143235.5327857039
2021-02-11,112633.10538346441,143022.39428731587
2021-02-12,111951.9175321055,141898.28865409744
2021-02-15,113101.49612205231,140851.53662273806
2021-02-16,113631.16125618489,140611.59371462537
2021-02-17,112810.52431999083,141161.0736885527
2021-02-18,114032.87423004511,142441.27352096298
2021-02-19,114502.61779453981,141422.41676164384
2021-02-22,115630.68736067828,143478.85273085503
2021-02-23,116529.62814933357,143173.90718375435
2021-02-24,115508.2460474011,143207.4966389615
2021-02-25,114847.89287645521,142258.89322053513
2021-02-26,115893.9772878998,139062.27765277223
2021-03-01,116769.65698732529,140284.62836293213
2021-03-02,116816.12183337094,141322.59830075176
2021-03-03,117045.69916901406,141008.60950280292
2021-03-04,118815.69686483171,141159.41972154778
2021-03-05,118094.1447724987,141909.21272459085
2021-03-08,118901.72235077697,139875.91445062318
2021-03-09,118704.615571612,139237.72080338042
2021-03-10,118486.98820315546,140343.4916039141
2021-03-11,120038.4424956156,138741.41267357333
2021-03-12,121238.13817548101,139186.82389606288
2021-03-15,122433.45563611212,137463.4146976124
2021-03-16,124323.54156413511,138129.26782102423
2021-03-17,124432.08618719474,138143.04311927516
2021-03-18,125473.27670752937,136095.06515520433
2021-03-19,125111.51545613322,137652.30032224665
2021-03-22,125650.82385362523,136756.90927222092
2021-03-23,125545.18130334413,135769.57116531726
2021-03-24,125762.9709947641,136086.14625693465
2021-03-25,126691.52516201678,137622.57391262555
2021-03-26,125596.5518671889,136361.66129893198
2021-03-29,128656.12936858852,136500.65852229626
2021-03-30,127270.21411900477,137113.3339476228
2021-03-31,125598.81459654169,138071.1720938448
2021-04-01,127327.89122748251,138361.635721647
2021-04-02,128551.70730592812,137942.18147053156
2021-04-05,129543.06904149521,136923.68749741977
2021-04-06,130548.28297107585,137094.90935281766
2021-04-07,130613.04213660416,135765.87655074257
2021-04-08,129367.12594265478,132077.43544995371
2021-04-09,129560.46039456427,132679.92124576334
2021-04-12,128647.91794701976,133871.10689537297
2021-04-13,130152.0358419598,130940.52045360452
2021-04-14,130017.64692314752,129748.36588499064
2021-04-15,128883.19903979295,130564.08942207487
2021-04-16,128495.35698009621,133159.4440510398
2021-04-19,129178.58262636335,133243.73264827457
2021-04-20,128434.88667442267,132385.31346305745
2021-04-21,127319.02096270687,132214.31122287
2021-04-22,127751.66040341833,133989.6676695212
2021-04-23,128187.62322389585,133230.31072889347
2021-04-26,127532.16469720854,132282.35752261645
2021-04-27,126931.97898178156,131736.69417522626
2021-04-28,127346.55400664205,130607.49983665148
2021-04-29,125336.41253991387,130815.90153482113
2021-04-30,123415.7299709118,132881.25914192604
2021-05-03,122488.69628080886,133344.9243925685
2021-05-04,122270.01199681828,133085.16734314337
2021-05-05,122778.6896119952,132776.29671564835
2021-05-06,124910.60498866778,130873.04717904524
2021-05-07,126204.66220077853,132022.257929925
2021-05-10,126055.91589280352,131982.78532877605
2021-05-11,126108.77077340089,131815.31673460663
2021-05-12,124755.28394431918,135849.99092057173
2021-05-13,124808.3051151828,136292.78820264584
2021-05-14,124479.04075268334,135384.09014252387
2021-05-17,125013.57929087113,134897.7644066076
2021-05-18,123920.33596574626,136420.53082274066
2021-05-19,124728.76207312797,136626.0910127852
2021-05-20,126975.6941324776,134828.9194019915
2021-05-21,126899.7241263325,136058.88340136045
2021-05-24,127558.32143797174,135259.28435877617
2021-05-25,128637.51814890213,137712.55072523758
2021-05-26,128133.96762715469,139178.0880875036
2021-05-27,128540.90708262846,138650.56323443315
2021-05-28,128640.87399374352,140389.37645236656
2021-05-31,128865.02601978432,140540.67159053683
2021-06-01,127817.32933359432,141734.48895029342
2021-06-02,127934.00609016656,142445.54289339937
2021-06-03,128737.64791908757,141368.53910275048
2021-06-04,130937.68967758122,140570.58913459233
2021-06-07,132445.0482110519,142000.01250022024
2021-06-08,135762.7588981,141612.8037971032
2021-06-09,134667.69880885063,141134.4907580965
2021-06-10,136085.22540619524,139922.34982792867
2021-06-11,136454.5366987445,140543.4851304114
2021-06-14,139929.34492382486,143343.88947894337
2021-06-15,138735.70277422766,141960.5163119728
2021-06-16,137502.80990593505,142054.97120241032
2021-06-17,136655.5790377384,144012.59352602754
2021-06-18,133451.30727946345,143967.08086962262
2021-06-21,132740.46808753867,144645.31261307606
2021-06-22,131682.1502832999,143256.40412027301
2021-06-23,131990.3162596431,143898.71277325408
2021-06-24,132585.6017135521,143707.06283380836
2021-06-25,135490.37966181122,145108.31891658943
2021-06-28,137036.5571227705,146799.7379791573
2021-06-29,136227.1435789708,150455.87123866993
2021-06-30,134925.88225967603,151345.596036542
2021-07-01,135764.1443498841,151877.57486284067
2021-07-02,133817.94948129862,152222.83313257943
2021-07-05,136681.88256982225,151781.2956045382
2021-07-06,138596.5927098603,152333.0023432979
2021-07-07,137947.26334769564,151974.29269913744
2021-07-08,135355.20681105426,152282.54436664432
2021-07-09,137519.04798813228,154244.95384004616
2021-07-12,137427.7574626049,152845.26952548808
2021-07-13,139443.88290412017,154558.2596401785
2021-07-14,137011.39736391066,156549.29080916158
2021-07-15,136167.2217378511,156442.97274129072
2021-07-16,136261.77334277515,153374.63539668947
2021-07-19,136420.8767447473,152560.6961469705
2021-07-20,135811.30159411847,154496.9895523637
2021-07-21,136856.69211556006,154531.04456034233
2021-07-22,135286.84223539676,153139.33633443885
2021-07-23,135154.3272885484,152475.758055534
2021-07-26,135424.4933399404,153753.4470540829
2021-07-27,136300.4336861105,154614.87450549763
2021-07-28,137486.77561060144,154333.29172248536
2021-07-29,135820.8040753804,153865.7147924548
2021-07-30,133544.406790365,153363.30344055966
2021-08-02,135563.92060189,152093.53978426632
2021-08-03,136160.809540324,154481.46516065495
2021-08-04,135091.6586681111,154078.4022834511
2021-08-05,137553.47865294712,155917.72475254117
2021-08-06,137821.23306053565,158227.11470051834
2021-08-09,139751.68043482068,159788.7624066368
2021-08-10,139947.40381653645,159206.82441088822
2021-08-11,143306.36622698462,159883.67609838344
2021-08-12,146249.68049977903,159916.91286822726
2021-08-13,145929.67633278036,158621.15857565159
2021-08-16,147629.9759141028,159176.5570892891
2021-08-17,148804.04700418975,157472.67218416824
2021-08-18,151207.78945538015,159308.64973679694
2021-08-19,149649.39918798112,158678.7890793683
2021-08-20,150908.55117684207,159049.6671120442
2021-08-23,152815.4808614182,159544.8406894341
2021-08-24,149865.02489885016,159224.16926261483
2021-08-25,147949.45468097058,160176.36852987672
2021-08-26,144622.39710748196,159527.50850548624
2021-08-27,144272.43032474935,160910.5312088425
2021-08-30,145537.85608180577,158934.25951021348
2021-08-31,148109.5170397379,159193.43086018783
2021-09-01,148327.98990389035,162179.52788573568
2021-09-02,151161.3044626169,160717.3603028231
2021-09-03,148891.77483870444,159758.26658513548
2021-09-06,146110.5329525483,160603.78412383643
2021-09-07,146111.27357700813,160946.41563877033
2021-09-08,146840.34158024282,161549.90851968664
2021-09-09,146879.1363635346,162367.17203247626
2021-09-10,143529.1655972761,163411.85249559718
2021-09-13,143475.25523487412,165196.6671162926
2021-09-14,141444.16597902396,165908.48803307198
2021-09-15,142608.010104019,165602.69170947664
2021-09-16,143291.35260995926,166727.4208183066
2021-09-17,141855.24162200897,169793.32214081087
2021-09-20,141118.7600577144,169654.641209647
2021-09-21,139513.47322934394,168166.44283739303
2021-09-22,139502.89901153924,169999.0260503898
2021-09-23,141102.32995798017,169879.85891874798
2021-09-24,139614.80631806105,166466.4137225632
2021-09-27,140501.39816028075,167872.0378298767
2021-09-28,139745.83283916474,167096.15543756122
2021-09-29,138578.19879817872,167026.15030742247
2021-09-30,138498.00503949384,167623.0060966823
2021-10-01,136960.17527648257,167997.905126782
2021-10-04,136187.32648311806,169197.44334750652
2021-10-05,134424.0086667323,168575.0587620576
2021-10-06,137504.04038554165,169465.96142753708
2021-10-07,137646.32567929936,169124.32183790568
2021-10-08,136641.61474877343,170378.82023209493
2021-10-11,137059.90544319496,171443.88960522396
2021-10-12,136972.3570952407,170003.32255655603
2021-10-13,136716.13124676284,171822.03074822915
2021-10-14,137755.02570254475,171026.86062531042
2021-10-15,139025.71259588093,172407.37857273596
2021-10-18,138277.69907367555,173080.98227514434
2021-10-19,137462.6565062567,176162.81223445362
2021-10-20,137121.21679975648,175867.73122315886
2021-10-21,133629.23140383567,175364.00637705644
2021-10-22,131418.23807325403,175408.37520832947
2021-10-25,133538.5160081898,174982.43600879156
2021-10-26,136114.08689168026,176381.46405410665
2021-10-27,135816.1491313731,173764.63483279812
2021-10-28,136790.28531303655,172110.4206928488
2021-10-29,137359.9027209384,170448.99039123204
2021-11-01,142242.51808387617,172053.95012551663
2021-11-02,144138.5691553468,174910.09473018348
2021-11-03,144021.02004185028,174813.81644637228
2021-11-04,142552.02154638915,174611.258382857
2021-11-05,140045.8902261594,174803.0581394249
2021-11-08,140457.90263205042,176798.4745439917
2021-11-09,139342.48559745384,175326.42294748282
2021-11-10,137183.80287714652,175797.85520488923
2021-11-11,136265.14787168818,177494.5259060327
2021-11-12,134680.56393544047,178412.42159131315
2021-11-15,137342.56684467738,178809.90409758597
2021-11-16,138802.76222570764,180579.31829166776
2021-11-17,138878.34301969665,176045.57902589193
2021-11-18,141297.03571921756,177250.05253337102
2021-11-19,141510.70435959147,176231.941288651
2021-11-22,140218.5525363603,173260.43337113262
2021-11-23,142729.2392376123,174172.98194686873
2021-11-24,143692.0316176901,176509.74957340048
2021-11-25,142093.2644645101,176357.55255060215
2021-11-26,141876.81136357342,178022.42535483983
2021-11-29,140558.25692604692,180812.23356209547
2021-11-30,138443.62056749655,183137.71062352878
2021-12-01,139985.4376667143,186055.59178580908
2021-12-02,143105.1069721808,187441.51125385115
2021-12-03,140926.56855100306,187656.93568823993
2021-12-06,141915.64641861408,184898.25747716005
2021-12-07,140958.7556726395,184549.06527891112
2021-12-08,140269.67005129828,183159.14812304618
2021-12-09,139416.52255329312,186996.33015896194
2021-12-10,138139.21432695375,186767.17423952342
2021-12-13,138302.92368741156,187066.12945458162
2021-12-14,137087.63265509938,188122.59569522625
2021-12-15,137595.07798862943,188282.22003687435
2021-12-16,137604.05937223134,191380.0716055952
2021-12-17,137318.60036431087,190337.6290423753
2021-12-20,135992.66788781353,190770.71862842393
2021-12-21,135189.6241768822,189515.60379771178
2021-12-22,136433.4027914846,187234.49309535796
2021-12-23,137294.95075986758,186233.880768242
2021-12-24,135860.28525619704,186249.99802552472
2021-12-27,136099.56824741184,185575.76990557657
2021-12-28,137345.53934960222,184442.59687101605
2021-12-29,134832.89115984162,182072.15112197193
2021-12-30,135749.22170368145,182008.65056203405
2021-12-31,134815.46707660102,179500.2504499357
2022-01-03,135773.31767564392,180867.7482886405
2022-01-04,134684.46662208514,181087.59129688778
2022-01-05,132013.60378467187,178672.59646386208
2022-01-06,129661.16414290143,178228.55160670282
2022-01-07,129814.18411334178,177039.64204213483
2022-01-10,130278.9055202662,177650.85787642404
2022-01-11,129025.74412128056,179978.54140517407
2022-01-12,130041.935205275,176868.115101301
2022-01-13,127674.52879622085,177137.55638070393
2022-01-14,127659.92872189138,176946.8492450935
2022-01-17,125988.00335583609,178146.5622232897
2022-01-18,125136.80243975543,178583.2042069276
2022-01-19,125283.50920418583,177392.2445388023
2022-01-20,124140.7670095796,176934.87972387092
2022-01-21,123678.27693562326,175681.25551212992
2022-01-24,125168.00757747877,177544.14787268732
2022-01-25,124428.71296588366,177657.40045953088
2022-01-26,125686.78412134362,180926.48695720496
2022-01-27,124156.57881510172,180901.757404508
2022-01-28,124981.26844651152,179769.79960382896
2022-01-31,127103.54691468198,177276.97698132202
2022-02-01,123622.06717303925,174333.90252254202
2022-02-02,122583.51543941554,171800.452660464
2022-02-03,123463.45711832511,172309.0880928592
2022-02-04,123257.59444190966,173212.59210053342
2022-02-07,123854.57032400621,170700.25780290988
2022-02-08,123084.98414136712,172218.43603249517
2022-02-09,123283.98259403817,171507.52005775314
2022-02-10,123144.63553548697,171820.27628712592
2022-02-11,124853.43046854534,174512.79639738295
2022-02-14,125292.88730498962,176067.85251385163
2022-02-15,125852.06632904209,175697.95716427022
2022-02-16,125344.2123170267,174295.1026129203
2022-02-17,124730.77595571609,170827.28604485042
2022-02-18,124198.19697235092,169741.02058176204
2022-02-21,124832.55013303478,169476.4816964017
2022-02-22,124315.91880413622,167969.58803219275
2022-02-23,124803.31908867479,167834.58183359902
2022-02-24,127819.53496650174,168029.72141894657
2022-02-25,129163.2437482663,167746.05677193217
2022-02-28,128767.7667246689,166788.99185465192
2022-03-01,130603.4035508199,167127.5976577901
2022-03-02,130082.00614022279,167898.4661067734
2022-03-03,127158.3819182574,166241.8463809678
2022-03-04,125785.6177037543,168530.75817668505
2022-03-07,123197.21813788227,168447.3249434802
2022-03-08,122784.40056781138,168550.8560605008
2022-03-09,122888.00179967139,169752.3717174434
2022-03-10,125302.00547265974,170200.55078177067
2022-03-11,125846.05783524123,171807.7209809725
2022-03-14,125613.31236680826,172348.84250390562
2022-03-15,126874.406705949,171426.69324459473
2022-03-16,123773.9771947099,172087.09660989852
2022-03-17,124183.24062842345,170302.43486830068
2022-03-18,125347.54672138722,170551.46824416897
2022-03-21,123325.60662181523,170572.36319339363
2022-03-22,125003.31244543772,170311.38551261587
2022-03-23,125562.46590276074,170178.87348174027
2022-03-24,125050.92420436963,167227.07086604447
2022-03-25,126027.570993465,166433.00063220723
2022-03-28,129352.45022276038,166651.66193778242
2022-03-29,129701.32543986583,166976.13420018725
2022-03-30,130148.72724727735,165427.57926607682
2022-03-31,129553.4604984724,167478.2729490887
2022-04-01,128387.29684653097,166180.6387186109
2022-04-04,129677.59480506969,167775.47720559663
2022-04-05,128501.13923709144,168525.95624839902
2022-04-06,128687.00399022634,167570.4534814247
2022-04-07,128071.72495073009,170454.6122967022
2022-04-08,128848.61333101134,168606.49225968294
2022-04-11,129417.90429453184,170144.4698484958
2022-04-12,131022.62390022445,171827.38958292184
2022-04-13,130348.10348068883,170813.563754068
2022-04-14,130031.98671487672,173135.6150011092
2022-04-15,128671.43385654505,172802.1195275298
2022-04-18,128104.90750670085,173348.93564715682
2022-04-19,128734.30050863743,173851.00930736595
2022-04-20,129921.0202455131,173706.2626293324
2022-04-21,128645.00727382154,175112.92308609217
2022-04-22,129995.17842635806,176502.31657661227
2022-04-25,132075.93443350634,173663.17687734598
2022-04-26,132778.9524166023,175879.3560210542
2022-04-27,135688.90736932447,173193.22716504594
2022-04-28,134584.5320725277,174958.61213909028
2022-04-29,132770.5832929309,176897.65582725583
2022-05-02,130177.05981836803,175151.29459763077
2022-05-03,132467.97672174947,174547.84195228227
2022-05-04,133534.9704745998,172800.37034971055
2022-05-05,133535.59137341776,172524.87387041748
2022-05-06,134044.290730519,172098.02275443604
2022-05-09,132418.74558915244,173441.00817409897
2022-05-10,136175.08686631577,175664.13370394966
2022-05-11,136461.07512660554,178057.4662395726
2022-05-12,136716.98617729172,177189.3505152422
2022-05-13,137928.89211141746,176916.39865845584
2022-05-16,138768.74839861228,174179.41567269023
2022-05-17,139209.13474793977,172929.11255413273
2022-05-18,138049.7708383049,174581.1906428413
2022-05-19,138875.4284758653,177322.52223216428
2022-05-20,141927.22609133206,175331.723589869
2022-05-23,144182.5277734082,174426.7045219814
2022-05-24,146878.73512367645,174459.32179003512
2022-05-25,146120.5881783034,174997.31631594765
2022-05-26,144573.73469329774,173734.96857973994
2022-05-27,144459.32352519358,174506.9613314086
2022-05-30,144642.32195958123,173801.8043460091
2022-05-31,146528.73067015354,173853.93564329037
2022-06-01,143809.7692712374,174827.2410611588
2022-06-02,146395.23753971854,174914.1638860502
2022-06-03,146225.89916316554,174269.26390975324
2022-06-06,145610.95261849064,174164.84048455767
2022-06-07,144032.3458005696,174095.44562788616
2022-06-08,141421.1271932421,173562.75401335396
2022-06-09,142830.92580269428,173214.08640033368
2022-06-10,143040.35425286499,175906.23235701869
2022-06-13,141038.9534822794,176915.3533807285
2022-06-14,139057.371371132,176498.62596978256
2022-06-15,138616.20908314316,177738.0183905746
2022-06-16,141327.52076821646,177254.96382571626
2022-06-17,141001.2564893979,179297.20579635262
2022-06-20,138687.5501786566,180001.7180105147
2022-06-21,138389.15784042253,179897.78465470247
2022-06-22,138049.07008666484,180737.37395430126
2022-06-23,133915.20455298165,178133.51293098062
2022-06-24,133917.78573059852,176314.6906943628
2022-06-27,133652.1422854353,174402.5538256155
2022-06-28,134792.0826293965,174714.24488798674
2022-06-29,137703.60672656985,177650.708417876
2022-06-30,139550.06989535104,181473.80718483275
2022-07-01,139213.197347913,182647.13046673223
2022-07-04,137554.90313005398,183591.2414086819
2022-07-05,141655.97575389367,180546.95200637664
2022-07-06,141841.03435016048,179699.9561560212
2022-07-07,141953.49499423787,178440.73587861296
2022-07-08,142004.79242492156,177471.8115252813
2022-07-11,142413.9069114469,177267.31043598792
2022-07-12,142271.21208234236,176553.9285068114
2022-07-13,141436.10921757304,173328.9737376253
2022-07-14,140648.89324287343,174629.56425916078
2022-07-15,140685.958932274,172935.66431850035
2022-07-18,139908.3964888879,173402.10264120979
2022-07-19,138866.3600414202,176876.16989997207
2022-07-20,139122.11382481412,175416.78940605413
2022-07-21,138808.21965936068,171299.32551485137
2022-07-22,141263.54247753962,170911.16502235044
2022-07-25,137106.96846701996,172763.77345474466
2022-07-26,138890.92824594848,176036.11835200712
2022-07-27,140941.54149821698,174067.74520246417
2022-07-28,137717.48756183637,174960.69087947198
2022-07-29,137269.79673183174,174267.8005983772
2022-08-01,136778.80697937758,174169.40727098924
2022-08-02,134682.7043371765,178597.35162984545
2022-08-03,133580.36793862286,176138.91858476403
2022-08-04,131983.03716983172,176638.11783458714
2022-08-05,134689.1909510504,177495.83597360126
2022-08-08,136203.70576195655,179394.37125444273
2022-08-09,138253.98016881364,179638.77127694467
2022-08-10,139473.09169306108,180240.07827950863
2022-08-11,137776.07752318797,179651.73443923992
2022-08-12,137044.13106915937,180187.01010547162
2022-08-15,137891.5991729022,179681.3415234669
2022-08-16,136068.29907480135,180815.09669056343
2022-08-17,137254.7551689695,180262.5291072932
2022-08-18,136967.8771880688,180983.53807480336
2022-08-19,136472.71806338357,181012.4955020094
2022-08-22,137659.54608585528,183017.51347523593
2022-08-23,138440.40514343436,183008.52418484728
2022-08-24,137961.67116694132,180022.36053015338
2022-08-25,139862.8499042861,182247.53507455462
2022-08-26,138237.19808434552,180767.3464996961
2022-08-29,139290.42369512693,179729.56056601316
2022-08-30,140315.60912064963,178796.41147398617
2022-08-31,139912.2008928109,181196.52572161355
2022-09-01,140518.42947776668,177619.0328808859
2022-09-02,138614.21170396867,182962.7804741589
2022-09-05,140154.54857446937,184868.3939692856
2022-09-06,139949.68852200606,185339.05363017568
2022-09-07,139209.04659924677,185323.82031424847
2022-09-08,140953.2757050857,185904.7623664124
2022-09-09,139917.04555991688,186901.33310946135
2022-09-12,137771.34360619084,188122.40104057812
2022-09-13,135427.08220392824,189192.15468451724
2022-09-14,136443.65579047182,189434.88175069998
2022-09-15,134549.30160966245,189164.33750849369
2022-09-16,137311.92389420886,188976.5180846111
2022-09-19,134157.60262960178,188710.96786561093
2022-09-20,136823.43865878746,190815.0250258832
2022-09-21,137237.6899274701,191968.5193651595
2022-09-22,137174.32687762295,186718.650091734
2022-09-23,136413.84872912103,187957.37666730362
2022-09-26,137117.8395102667,188385.27893052786
2022-09-27,137146.3851437326,188434.2076370845
2022-09-28,138949.20016917188,187824.68961082192
2022-09-29,139217.39163755233,189901.72541242617
2022-09-30,139543.04651218635,191684.86300709523
2022-10-03,139056.3127873476,190368.65897691844
2022-10-04,139054.81347594273,191183.96806417863
2022-10-05,139628.42356948328,189512.10532902597
2022-10-06,137009.4737960908,187124.3175432516
2022-10-07,135002.0020608735,186097.86334148922
2022-10-10,136225.49054824762,187695.58054829424
2022-10-11,136575.91054212564,189467.9323067007
2022-10-12,136377.70416357007,190469.21527844705
2022-10-13,136492.79900717663,191857.35855934655
2022-10-14,137117.40735149535,192876.87595640036
2022-10-17,136365.26642405352,191791.958305331
2022-10-18,135248.40415170972,192658.43454945835
2022-10-19,135634.6191015669,194199.63787952773
2022-10-20,134216.04593048026,195668.54278447942
2022-10-21,134922.5688282683,197952.1283857587
2022-10-24,132403.4885328815,199363.39843085688
2022-10-25,134032.64046233686,200112.48274606245
2022-10-26,134835.98819836468,202223.36470937706
2022-10-27,135313.04128783257,202260.95916373335
2022-10-28,136906.7026786902,200663.82081918893
2022-10-31,139579.0702785031,200442.22173375706
2022-11-01,141273.112986868,199118.87002427923
2022-11-02,138413.93856500258,197935.4414507917
2022-11-03,136493.5671955928,197751.546531394
2022-11-04,135613.20332881942,196357.16942679338
2022-11-07,135739.42739761117,195871.4888052862
2022-11-08,136622.36109061586,192452.26427108256
2022-11-09,135584.8179952964,192924.14645134742
2022-11-10,135958.03645110616,193010.55690799415
2022-11-11,134879.8461609448,191604.61900424687
2022-11-14,134030.2326836545,192881.81591972878
2022-11-15,131977.54399255262,194674.78992554717
2022-11-16,130679.73484423698,191802.65444140756
2022-11-17,128759.82187512974,190504.0423347969
2022-11-18,127416.80002645627,189202.6703328456
2022-11-21,129019.9703888477,187604.90267738875
2022-11-22,127712.96571952157,189157.20351340182
2022-11-23,131606.08189637563,188893.33357960405
2022-11-24,132425.80615017904,188503.66129461903
2022-11-25,132787.42994345658,185016.68067549996
2022-11-28,131579.3376411946,186208.30724234055
2022-11-29,132707.72102362328,184109.1096366426
2022-11-30,131925.78074982372,184293.73757714187
2022-12-01,132192.0573570083,184857.21082198812
2022-12-02,136113.34315730035,187314.61443618409
2022-12-05,136051.5073764215,185079.82326735425
2022-12-06,137910.84921344707,179879.96860161182
2022-12-07,136898.81105399717,180270.97779852178
2022-12-08,136931.41876875452,183416.65938847096
2022-12-09,139767.80419652033,185643.97052563343
2022-12-12,138862.91702247865,186092.78398221507
2022-12-13,141804.8883836587,185309.5162240755
2022-12-14,143032.92910484943,186803.68531184958
2022-12-15,142211.51200151077,185166.79205891094
2022-12-16,143321.57956386273,186081.08378942544
2022-12-19,144993.08920386204,187051.07833014158
2022-12-20,146107.44560729276,189006.613164391
2022-12-21,143598.8166899654,194017.7160602665
2022-12-22,142506.02395831683,194821.8206010292
2022-12-23,142196.54692018955,193969.91421016632
2022-12-26,142166.81716019218,194007.7099075938
2022-12-27,143257.6177547941,190849.32489817735
2022-12-28,143637.23047030685,189679.81662427093
2022-12-29,141553.56256394446,189029.05408266175
2022-12-30,142253.68068730898,188175.4627772307
2023-01-02,143328.87842013393,188528.50368551808
2023-01-03,144329.65048247212,187145.71687183445
2023-01-04,146190.03400904385,189209.79415732852
2023-01-05,147665.19511045562,189292.7559381604
2023-01-06,148527.78627007984,189358.74872375414
2023-01-09,148503.92026844394,188854.7124879112
2023-01-10,145801.35592172135,189214.08828691635
2023-01-11,146604.1867901055,190771.8791163351
2023-01-12,147042.51537184868,189292.042107591
2023-01-13,147588.6805622014,188197.53500791063
2023-01-16,145545.7510436863,187739.5688642061
2023-01-17,143854.05701193598,185433.98109960547
2023-01-18,145663.24497291367,184079.43200481564
2023-01-19,145690.39767217624,183331.4516756675
2023-01-20,146908.72083008132,184926.19863971116
2023-01-23,147049.168628514,185465.71699538777
2023-01-24,147192.1479970647,185885.93792022576
2023-01-25,148851.60095242786,187461.64430138574
2023-01-26,148075.12006252492,187300.1398235326
2023-01-27,148330.52414594498,188072.95030852887
2023-01-30,147647.19680178823,187971.60796099805
2023-01-31,147013.524046696,188524.98630899153
2023-02-01,146591.48324857626,187569.15637357728
2023-02-02,147053.78600249745,183328.5651047897
2023-02-03,146348.87213854172,183175.97874492692
2023-02-06,148525.64429120568,185718.50056137535
2023-02-07,147113.31799571443,187424.96030352157
2023-02-08,146895.00114916565,189216.49116061095
2023-02-09,146255.83736430772,191509.19812308488
2023-02-10,148748.34508770614,191753.22746012927
2023-02-13,149174.30714232652,192194.44514004185
2023-02-14,151014.36296653378,191156.6424367768
2023-02-15,148566.45779516245,190669.17391634895
2023-02-16,149110.65465386593,191861.8092921128
2023-02-17,150709.4766020826,194128.1091119418
2023-02-20,150945.77902025945,193957.05594034668
2023-02-21,152865.25573406476,193216.64800487342
2023-02-22,152065.68192870222,193301.95251325317
2023-02-23,154592.31687502,194484.4535741194
2023-02-24,158720.23708150256,191915.96786126902
2023-02-27,158168.00462971546,187835.76478416868
2023-02-28,157469.4393243193,186940.6191117932
2023-03-01,160164.48965887228,184865.92589641115
2023-03-02,163134.83385492756,184058.99248668115
2023-03-03,162271.23804455777,183882.31705352032
2023-03-06,161601.1308483386,183175.05289435104
2023-03-07,161187.39696659573,185769.00142958574
2023-03-08,158832.4949979617,186423.64317137518
2023-03-09,157278.85694764717,187034.3155289397
2023-03-10,155587.9573926235,188215.58925655618
2023-03-13,154332.19369705633,186272.36614908077
2023-03-14,154369.48513617922,188182.62491921932
2023-03-15,154877.46356370754,188130.04720580077
2023-03-16,157698.702718049,189404.05528143913
2023-03-17,156013.63686420541,187568.4286592194
2023-03-20,157853.98738103814,184896.49156021993
2023-03-21,157571.19436404525,186406.1416040361
2023-03-22,157582.8632809382,187150.50674358115
2023-03-23,158888.69801570263,185637.0059841931
2023-03-24,156966.85174790613,184192.55780062987
2023-03-27,157747.1401807906,186231.72912266958
2023-03-28,158145.02757022757,184219.9835806278
2023-03-29,159128.49877797157,187159.8228854379
2023-03-30,159751.29348697828,185648.77718189175
2023-03-31,164300.2766419118,186849.69171233568
2023-04-03,163216.49104912582,186351.0562562809
2023-04-04,162337.40394467264,187494.52374720108
2023-04-05,161293.4398944212,186612.38336575756
2023-04-06,160379.9387128479,186406.7849568982
2023-04-07,159322.65480740048,186560.22715602364
2023-04-10,161571.82879018638,184874.9776179948
2023-04-11,164276.8522008032,186249.82627510413
2023-04-12,163318.01190734486,185427.92358916946
2023-04-13,161880.30639299288,185108.32776599296
2023-04-14,162848.39443085282,183449.90329269422
2023-04-17,161932.095349954,179088.33243169665
2023-04-18,163197.05914355186,178843.24382472356
2023-04-19,163676.18146040651,182998.41278899426
2023-04-20,160967.0129555345,184435.0091801058
2023-04-21,163893.71200952082,184481.95055587663
2023-04-24,167335.19468569322,184104.20957425077
2023-04-25,166278.73230096753,184223.6546677197
2023-04-26,165653.32442730688,185256.4673076586
2023-04-27,166295.4512935081,183270.30967574666
2023-04-28,167031.69183781912,185280.02591101622
2023-05-01,168385.00111289235,186613.3428477549
2023-05-02,172330.00870885517,187961.19973620042
2023-05-03,172093.66286980215,188822.00831641266
2023-05-04,170645.164399936,188939.43066761657
2023-05-05,168084.61846627324,190223.16999300287
2023-05-08,166798.25898358124,191369.95431593186
2023-05-09,166841.50911654872,190813.28546437286
2023-05-10,170342.39357876996,189862.36376235535
2023-05-11,169450.78063909645,190127.9735123416
2023-05-12,169988.35264849736,192993.84329260103
2023-05-15,170064.6268468151,190818.4256874572
2023-05-16,172464.2444721069,188255.67652584962
2023-05-17,177515.3153694063,188630.93627040557
2023-05-18,176559.4725363284,188803.97714686586
2023-05-19,175691.717865221,189195.63829229283
2023-05-22,177883.40038165273,189714.3463217313
2023-05-23,179371.72292911526,189397.03861909133
2023-05-24,183241.59851878462,192146.02189265273
2023-05-25,184571.20760197597,189323.27908827664
2023-05-26,183936.4545320508,187923.7913566611
2023-05-29,185285.1349041759,187822.4707714865
2023-05-30,187732.0914712472,184988.1983418422
2023-05-31,189597.83196140127,184761.5582015146
2023-06-01,190808.7681905457,187742.85690790942
2023-06-02,193237.73990940227,187861.86085307616
2023-06-05,195922.48581770173,188353.38762158985
2023-06-06,199117.41935687707,186192.79912558274
2023-06-07,200708.48688033226,185189.6742612353
2023-06-08,200455.59011653555,184613.9631543481
2023-06-09,200916.33678330606,184140.31433210935
2023-06-12,203792.54383464498,186450.7050820031
2023-06-13,202034.16894828435,187514.62881502815
2023-06-14,203007.0206518732,185627.1473293755
2023-06-15,202230.49397569554,186140.54731121485
2023-06-16,202424.8084179609,187098.1028602976
2023-06-19,205487.73911845006,189195.45457561302
2023-06-20,206063.47063650753,192103.61832538282
2023-06-21,206302.80544450274,190344.86540143864
2023-06-22,203252.74252498176,188969.55230082726
2023-06-23,205101.65969692412,186806.51498841826
2023-06-26,206733.0430740982,186474.97603833233
2023-06-27,211935.2575713282,187378.10798127096
2023-06-28,211330.1916266677,189208.03175198764
2023-06-29,211989.5105007761,189154.8336851544
2023-06-30,212723.55933142663,188665.723343614
2023-07-03,216663.53140590835,189018.61997094512
2023-07-04,216566.97982372603,187609.5143736742
2023-07-05,217389.65873380422,191395.62314450613
2023-07-06,219026.12877050546,188571.68390910802
2023-07-07,219628.64100250686,188983.1741618912
2023-07-10,218656.30970550637,192679.2672808267
2023-07-11,219276.35215471376,192775.75343320577
2023-07-12,222085.01040891383,192513.73414119906
2023-07-13,219641.03842604815,191947.54473537902
2023-07-14,220111.65339949238,191704.14886893117
2023-07-17,218504.02320979812,194274.65357291212
2023-07-18,221603.60672458564,190299.09038035982
2023-07-19,217916.92149264744,193139.51257838865
2023-07-20,216674.21594579454,190625.10218755936
2023-07-21,217738.5416353995,190228.007274084
2023-07-24,221741.94660239253,189539.48259612327
2023-07-25,221717.41811840908,190676.3050821349
2023-07-26,220462.39770121314,187880.1614319459
2023-07-27,225304.90648255168,188782.66805039387
2023-07-28,221748.6907545437,192476.094465262
2023-07-31,216360.81948461445,190080.86888582495
2023-08-01,217577.679364961,190504.57106600114
2023-08-02,216477.20645467113,189396.09437010708
2023-08-03,214107.9129878322,190240.94560657567
2023-08-04,215963.5708055624,190358.4074864486
2023-08-07,216697.70892050938,189287.6464695188
2023-08-08,215449.28528400656,190242.8804658375
2023-08-09,212458.3393036447,193569.46652197815
2023-08-10,214695.02779775293,193304.78672983192
2023-08-11,216414.20016557846,194703.84582380357
2023-08-14,216308.23772272593,192409.4999290704
2023-08-15,220974.83184403236,190754.59229634487
2023-08-16,218433.90852113842,191689.3523056608
2023-08-17,214794.16420631713,194461.19687354495
2023-08-18,213245.3738230935,195199.51513508026
2023-08-21,213270.54185147825,194707.2976169114
2023-08-22,213994.40993147957,194790.98521750045
2023-08-23,213544.92769509944,192574.51030029496
2023-08-24,214532.9688141321,193758.58180201778
2023-08-25,211624.7164389867,195458.57536550518
2023-08-28,215223.53705261878,194708.92445730913
2023-08-29,215159.70472795717,193929.12049531628
2023-08-30,218022.16029420367,194500.98277005472
2023-08-31,219007.85173289923,193783.2535876753
2023-09-01,220281.1667398491,193746.7474321098
2023-09-04,221844.16610366822,197675.35292756226
2023-09-05,223111.2198592417,197300.23122347987
2023-09-06,224878.86573382147,196718.29651343162
2023-09-07,228410.834270846,195600.50636701912
2023-09-08,229064.8341605888,197061.341138915
2023-09-11,231051.80382592478,196809.91066407601
2023-09-12,230963.40652564552,195688.19444422427
2023-09-13,234881.54249984105,198216.8102681747
2023-09-14,233229.23372279794,200962.21130158365
2023-09-15,238140.03049587185,199909.77994233076
2023-09-18,238182.79384299944,196471.20442674207
2023-09-19,234469.87085991702,198427.39305057997
2023-09-20,234959.32394040446,197230.35284643737
2023-09-21,233294.05459813343,198789.89617059968
2023-09-22,235665.93717429924,195176.0502495112
2023-09-25,234071.62418268644,196907.41014921802
2023-09-26,233036.0154895436,194739.85513808715
2023-09-27,228191.09014543734,196169.5533278294
2023-09-28,227165.65621665504,196281.63985360373
2023-09-29,221066.42019484038,194598.05915059565
2023-10-02,217236.47779197054,193934.55299589527
2023-10-03,219247.4820031966,195276.89190750045
2023-10-04,221340.21169860908,195557.5275442247
2023-10-05,222548.54242757568,196722.7945294026
2023-10-06,220249.7143027755,200482.58340528008
2023-10-09,220270.40119276787,197606.82394432093
2023-10-10,220401.25760033508,200712.75472878307
2023-10-11,217646.3079248518,200998.28445055077
2023-10-12,221494.6983916643,199379.00145975646
2023-10-13,223838.83745408783,196959.78166072376
2023-10-16,223420.12954085306,196693.7851545429
2023-10-17,223630.09472794447,198492.60546599087
2023-10-18,224300.48398693078,198340.02063421987
2023-10-19,219250.09466183546,201258.7090468334
2023-10-20,218774.8026756688,198586.83597298726
2023-10-23,217221.92734045564,198650.8361644386
2023-10-24,214892.79069578613,196386.71370245685
2023-10-25,214344.28606923358,197147.2224803854
2023-10-26,218849.53928841755,198885.43130664199
2023-10-27,220578.75608946805,198181.51265815084
2023-10-30,219290.2143295072,193391.2673133963
2023-10-31,220853.18320821502,193839.2371476079
2023-11-01,224497.72890438035,194723.78361253208
2023-11-02,226993.98226187783,195552.67101863163
2023-11-03,227291.58623509668,197921.50847922664
2023-11-06,225768.58420574633,196004.83697640352
2023-11-07,227699.36364861135,197350.20358966576
2023-11-08,228859.86203742132,199660.1176188265
2023-11-09,231328.2203859285,196391.76833842232
2023-11-10,233141.16090670193,197070.68167743928
2023-11-13,236063.75550582173,196217.84969705195
2023-11-14,234780.96706909768,196152.35042896774
2023-11-15,238437.1559539184,196882.3788520031
2023-11-16,239122.7795038505,196061.89728045967
2023-11-17,244901.46055010543,194895.65577492572
2023-11-20,243143.13304082243,195043.62405486582
2023-11-21,248083.53403599776,193124.9798233551
2023-11-22,248797.77099205885,191227.80207477885
2023-11-23,247118.02148980834,192538.85645483984
2023-11-24,245919.04710844427,190532.87586800777
2023-11-27,245181.9105657882,191815.6516526486
2023-11-28,246516.8060245506,192737.82166241357
2023-11-29,248134.7741719639,189678.91191429572
2023-11-30,246678.1669803559,188547.31100194997
2023-12-01,246766.66660022901,190757.0442360336
2023-12-04,252917.5683983182,189071.77539821988
2023-12-05,258032.42634424593,188324.62048792644
2023-12-06,259472.85779080968,189229.063223052
2023-12-07,259749.4142307292,190712.40193109363
2023-12-08,260267.86054140804,190342.36053573756
2023-12-11,262243.6997645161,189350.78481669287
2023-12-12,259368.86449487018,191978.33745657236
2023-12-13,258776.60736827416,195216.54460222303
2023-12-14,254044.86562069927,197107.38220841228
2023-12-15,255356.16528165856,197352.32530650543
2023-12-18,257392.23050647197,195931.21385780172
2023-12-19,256145.4485738475,194479.27458571922
2023-12-20,260879.59354900173,195524.36772911748
2023-12-21,257419.29821611856,196382.71960825974
2023-12-22,253308.4330720273,199069.30782998857
2023-12-25,254113.94503213023,200379.7180974293
2023-12-26,257292.3766873904,197621.23761370213
2023-12-27,262368.4634866044,199671.85015881225
2023-12-28,261169.87571137384,197875.94592201736
2023-12-29,264530.0903664203,197244.38931201166
2024-01-01,264582.5402376632,197796.8072675221
2024-01-02,264232.63274957286,201613.05796522307
2024-01-03,267047.9475610054,207625.65857581518
2024-01-04,269192.7609970703,208906.6054852617
2024-01-05,264551.9622456209,208636.1680713989
2024-01-08,269149.16489244375,209780.97800527583
2024-01-09,273531.9052935556,211632.09863807753
2024-01-10,271765.35592122265,211083.2273372464
2024-01-11,273157.5856124992,214756.0038910452
2024-01-12,274861.1865447393,215316.6184835513
2024-01-15,275848.1260200328,216423.28949941433
2024-01-16,274302.01015880395,217879.58031524846
2024-01-17,272387.2250804542,218842.63572315365
2024-01-18,272481.24353682325,220672.98093589328
2024-01-19,276277.5660664392,219482.23252139983
2024-01-22,278155.9128692346,218420.16946206
2024-01-23,277163.6053112626,216244.9290149553
2024-01-24,279764.83051725826,217237.36440299256
2024-01-25,270906.21237525815,218931.11331337408
2024-01-26,274606.98068413045,219973.67530290183
2024-01-29,269364.2997051555,223550.2216120677
2024-01-30,268428.3198157689,223635.98230180165
2024-01-31,265190.82125420874,225146.7602394222
2024-02-01,261466.11343061924,222922.51384355593
2024-02-02,265073.6814584985,222204.42682704658
2024-02-05,263836.23467594513,223761.79587882853
2024-02-06,265040.35827799386,225654.76892301132
2024-02-07,265067.62861940125,225126.46177521293
2024-02-08,266669.7119934416,225072.42210394837
2024-02-09,267071.31631357415,221942.55356118578
2024-02-12,263355.59481644764,221290.68588586673
2024-02-13,266497.8285578479,223249.07261038604
2024-02-14,265174.99922379473,224559.92071987843
2024-02-15,260663.0309465877,225720.30139740917
2024-02-16,259563.17658102818,225924.99022611906
2024-02-19,264144.9694569443,226038.68664132478
2024-02-20,266859.198755,224726.99762574027
2024-02-21,265973.64705944725,226309.034300077
2024-02-22,265089.2076863185,227308.03668909054
2024-02-23,264290.73830411345,228464.04559023425
2024-02-26,270682.0889855362,227428.17724400765
2024-02-27,272026.2046386456,222899.9298328597
2024-02-28,273525.3776593832,225308.0574437671
2024-02-29,276894.4545389676,224386.97991549657
2024-03-01,277819.9839984187,222655.61968589041
2024-03-04,277180.34760056203,224211.8194220442
2024-03-05,276739.22134658624,223479.17068044696
2024-03-06,276690.24920494045,225814.967230409
2024-03-07,276749.14553142904,227230.07424191636
2024-03-08,279208.19014124153,228796.9689659328
2024-03-11,279549.9218724746,225943.74256182252
2024-03-12,282049.7350601971,228629.83004915435
2024-03-13,281970.6710603886,229294.02106416874
2024-03-14,282401.11617499916,228594.02469924625
2024-03-15,276181.9247656948,229003.5284005854
2024-03-18,279226.85805888707,225259.93045441312
2024-03-19,280501.1742323341,226228.07827438897
2024-03-20,283853.5255574411,224126.3880824123
2024-03-21,274711.8727512256,221359.54225040413
2024-03-22,281391.4545700572,218271.92322922015
2024-03-25,281124.7300900469,220662.0935145141
2024-03-26,284835.72627245635,219446.36183631263
2024-03-27,281657.95528549585,222722.44860964525
2024-03-28,283793.8023784031,221692.05883585464
2024-03-29,280584.18270189775,218212.26758753523
2024-04-01,278777.794483311,216005.34370132713
2024-04-02,285005.13179560215,218621.99574185387
2024-04-03,284569.8678090542,218395.3740655533
2024-04-04,285452.14187410404,217359.2365156467
2024-04-05,288449.54960927385,217782.7692577917
2024-04-08,290253.9241163952,218910.42864546043
2024-04-09,290933.2665318889,221317.3344262978
2024-04-10,292321.9461227604,224443.11846110204
2024-04-11,300473.9550658809,223778.09659196073
2024-04-12,300468.4218041151,221071.84402763398
2024-04-15,301344.3381804722,220304.64279813317
2024-04-16,305125.6737403772,220942.62908241517
2024-04-17,309144.30287710065,219027.0215948409
2024-04-18,313501.56172324775,217141.6987384315
2024-04-19,315971.15164992097,217941.86547994436
2024-04-22,312076.6375768198,217936.80627031327
2024-04-23,318054.86917332775,218099.47657203837
2024-04-24,314122.6250442048,216631.53638769468
2024-04-25,315399.9997543145,216254.47312961338
2024-04-26,312902.7371200482,214460.28017932054
2024-04-29,312873.84372630715,216357.84452656913
2024-04-30,314238.82969827537,218568.7392786631
2024-05-01,315583.38504645263,214851.25055261122
2024-05-02,317293.5479152533,213057.98510973077
2024-05-03,323300.767191763,210138.16085526763
2024-05-06,325168.6426222968,208939.1879681962
2024-05-07,324474.8773138751,208865.66085332504
2024-05-08,328227.9619246696,206095.81983508755
2024-05-09,332863.2786790341,204390.53180182914
2024-05-10,328441.2420841339,202540.79799181208
2024-05-13,330874.5977924076,203025.88322522436
2024-05-14,333715.3124587345,203247.5368005609
2024-05-15,332801.222051654,201950.1527106727
2024-05-16,338203.906991979,202375.723909413
2024-05-17,337843.19568555156,201418.6621312481
2024-05-20,338538.7552896195,200989.5615096188
2024-05-21,338089.33514203905,204255.46981133963
2024-05-22,338363.71844920435,206931.76270877145
2024-05-23,334372.4915409677,204480.9911060567
2024-05-24,329124.9427635851,206173.42758247413
2024-05-27,335284.4859896288,207844.15080142597
2024-05-28,332277.4138658632,205679.75320743615
2024-05-29,328753.1427253086,207360.8210241025
2024-05-30,320934.6604802407,210464.72192211173
2024-05-31,318813.2103014523,208324.18131963228
2024-06-03,314232.6591239868,206609.0319148782
2024-06-04,320282.7761121206,208685.97022821903
2024-06-05,324153.44795921334,209312.42411813757
2024-06-06,321829.9254958866,210494.50953005126
2024-06-07,330253.8694954437,211263.81929142764
2024-06-10,334139.9981130114,212135.96648790597
2024-06-11,333121.43212457997,209569.6568228102
2024-06-12,323892.077563929,211735.08351613866
2024-06-13,332511.41829168145,214167.51617822162
2024-06-14,327483.3967173497,213796.78559939345
2024-06-17,321581.4426465582,213802.27790538422
2024-06-18,325514.31277125585,210802.3971761643
2024-06-19,334726.0789648525,211918.75579082005
2024-06-20,340192.52370681154,213156.77301363615
2024-06-21,342583.7536377944,213124.55608594106
2024-06-24,345111.6109729659,215481.85190137895
2024-06-25,348670.31338173675,214895.6927425888
2024-06-26,351892.15328544914,216135.97021037096
2024-06-27,353237.5537052233,214147.861984444
2024-06-28,353879.1920932742,214193.6812813893
2024-07-01,353852.71530399163,213934.29595833874
2024-07-02,351052.2420356796,214483.13748175732
2024-07-03,350157.8888497367,213827.85002933737
2024-07-04,343658.46636693185,213655.54940339312
2024-07-05,343493.460155882,215416.48135604884
2024-07-08,339861.13742553844,214621.48119148007
2024-07-09,335824.06087728176,211457.05512558296
2024-07-10,336722.29908944055,215045.168795327
2024-07-11,342250.8559645639,217946.13285497722
2024-07-12,346031.92438511876,215379.98566154658
2024-07-15,340089.5588564568,216877.65927753184
2024-07-16,336489.23213920224,215941.58126858002
2024-07-17,340292.32201275585,216573.47559136362
2024-07-18,336717.40169212205,217270.11983079568
2024-07-19,336073.5374547781,216883.71848437606
2024-07-22,338383.0096614923,215372.17311293824
2024-07-23,334882.41258506995,214060.88142738483
2024-07-24,335495.16922661586,212301.1528677095
2024-07-25,330633.3387473342,210725.1409644011
2024-07-26,328588.71953744715,210683.36107264142
2024-07-29,329988.80549339077,209350.41206131157
2024-07-30,324237.7835336846,210791.013832584
2024-07-31,326063.05896372756,213845.30462226446
2024-08-01,326197.47810934886,212766.56625876643
2024-08-02,328448.09974821063,213340.75254717958
2024-08-05,329490.5507488168,214441.1830126554
2024-08-06,334796.2775145428,215491.1964474705
2024-08-07,335484.2279637184,215739.92021283615
2024-08-08,334063.76072368084,217348.0881130016
2024-08-09,334739.1187122922,218433.3793238943
2024-08-12,337013.78524759813,215974.1902210038
2024-08-13,337414.4750095218,217842.20731451444
2024-08-14,337784.007006828,219763.71027036547
2024-08-15,335309.7672202056,218274.62041870542
2024-08-16,333002.2763079592,218448.14585767046
2024-08-19,327917.62184781634,219953.9875690556
2024-08-20,334631.1633280585,219614.96770373828
2024-08-21,330123.961733698,221937.4393602537
2024-08-22,327739.8441812272,226991.62143887035
2024-08-23,325278.17314577993,225404.8678388285
2024-08-26,328785.4555288498,222561.80537060622
2024-08-27,327894.6131925372,223297.88933114495
2024-08-28,332741.87463060796,224917.83350904196
2024-08-29,330412.1007967095,224525.35768195934
2024-08-30,331667.14376376406,227706.55205029415
2024-09-02,328736.1930460142,224925.7705004688
2024-09-03,336940.9965512566,226496.64611915842
2024-09-04,332617.64608196134,225298.85513794428
2024-09-05,333997.3298681408,229057.53892817703
2024-09-06,336609.61482733424,233470.1052643252
2024-09-09,338402.72124192625,231880.7071181753
2024-09-10,337906.6079847388,230777.80852951255
2024-09-11,337623.7437491856,232753.00117701318
2024-09-12,338005.83120045456,232003.17973445062
2024-09-13,337657.034402155,232004.89940237356
2024-09-16,341561.7957386736,232161.82889937528
2024-09-17,350339.8981877722,228051.93806602282
2024-09-18,348347.7106670163,228121.6657502556
2024-09-19,343158.31030576053,226734.50194437138
2024-09-20,343032.6787781512,225776.98746025888
2024-09-23,353284.579158874,228955.373877307
2024-09-24,350289.47050958965,226336.95637436234
2024-09-25,357022.29972997657,228174.9425321113
2024-09-26,364040.7368370054,227673.0845267085
2024-09-27,361986.75347013865,227170.61522469093
2024-09-30,364552.0023992307,228966.35813043496
2024-10-01,371514.65501699765,229802.01450577003
2024-10-02,370153.4313136044,231141.36819802865
2024-10-03,369533.99299371144,233356.85660839904
2024-10-04,367331.30397325434,232728.1787627772
2024-10-07,363337.9207860467,231483.41221637736
2024-10-08,360893.67584382906,229210.89309156148
2024-10-09,356114.26796352374,227523.23885122684
2024-10-10,356477.9998142767,233962.79061635875
2024-10-11,353592.0412077369,236816.58087893412
2024-10-14,354753.8752462052,233896.6455009217
2024-10-15,348720.4775732091,231075.9583368358
2024-10-16,350250.22706294514,232228.9613363171
2024-10-17,353782.9386525309,233531.2256924438
2024-10-18,346009.6494267683,234844.36539338453
2024-10-21,347696.904398991,234381.11189906884
2024-10-22,352757.76446249266,234205.57840097204
2024-10-23,348143.29807218316,235033.41975923497
2024-10-24,354966.94461249316,235326.76980224854
2024-10-25,356878.84968157276,230494.5912177656
2024-10-28,354252.52026932366,230094.70742605234
2024-10-29,354253.4267071174,228344.0257080815
